J,box_index,inner_v,energy,below_limit,below_barrier,inner_probability,mean_r,tail_probability,flag
1,0,0,43950.330451481634,True,True,0.9999999999999991,1.6542361410888955,8.815494488795181e-30,b
1,1,1,44742.132186501745,True,True,1.0,1.665931021629249,1.4459820270597767e-29,b
1,2,2,45521.49892710105,True,True,0.9999999999999992,1.6778673438603235,2.927845633015982e-29,b
1,3,3,46288.15937034695,True,True,1.0,1.6901081765249981,2.5080159464507338e-29,b
1,4,4,47041.810150362704,True,True,0.9999999999999996,1.7027039621205051,1.074703462732939e-29,b
1,5,5,47782.14179089126,True,True,0.9999999999999999,1.7156947764117103,1.2374993716943218e-29,b
1,6,6,48508.85451511105,True,True,0.9999999999999997,1.7291129778192942,2.508869528975065e-29,b
1,7,7,49221.66485596922,True,True,0.9999999999999999,1.7429865891867784,5.357994598746665e-29,b
1,8,8,49920.3026058387,True,True,0.9999999999999999,1.757343975166058,3.7537722580352906e-29,b
1,9,9,50604.49631164582,True,True,0.9999999999999997,1.7722206890533418,5.794304322275304e-29,b
1,10,10,51273.94386731616,True,True,0.999999999999996,1.7876699425250004,5.6609088464292e-29,b
1,11,11,51928.26206341836,True,True,0.999999999999743,1.8037793792864025,3.4115660024869024e-29,b
1,12,12,52566.9037194847,True,True,0.9999999999860081,1.8206996270285976,5.032688385081973e-29,b
1,13,13,53189.019721077646,True,True,0.9999999993503734,1.8386969374732505,8.083032466762383e-29,b
1,14,14,53793.216579276595,True,True,0.9999999738954215,1.8582607365105133,7.835365324527696e-29,b
1,15,15,54377.08912307675,True,True,0.9999990708346755,1.880355348134363,1.369811708443738e-28,b
1,16,,54881.190209271335,True,True,1.56602077509285e-11,3.23885911006522,1.6190233928683388e-28,b
1,17,16,54936.18035682028,True,True,0.9999541656935893,1.9071631193681116,1.4069693540959517e-27,b
1,18,,54936.24567752107,True,True,1.5122953195331497e-05,3.3654356564401624,1.183375100146172e-28,b
1,19,,54984.76043545588,True,True,6.096471754181822e-10,3.5094032955224996,2.2774919084353344e-26,b
1,20,,55026.91900397167,True,True,1.5474004586503934e-09,3.6756938058829807,2.2518556613161666e-21,b
1,21,,55062.898714605,True,True,3.293491390561792e-09,3.871661785016367,8.761562181390516e-17,b
1,22,,55092.8757781477,True,True,5.634456441408217e-09,4.108570777916764,1.3117410527971882e-12,u
1,23,,55117.03655831277,True,True,7.84304972080932e-09,4.404737481526996,6.908720958768367e-09,u
1,24,,55135.59970058881,True,True,8.903826902146131e-09,4.792144220274397,1.0796551916373218e-05,u
1,25,,55148.862866514806,True,True,8.117928925377035e-09,5.330959752732743,0.0036315921111078767,u
1,26,,55157.45464010373,True,True,6.264336081900305e-09,6.026606014425966,0.13305237011118,u
1,27,,55164.14038729114,False,True,7.606735763260206e-09,6.234027778082392,0.41388740200078594,u
1,28,,55172.35761558489,False,True,1.1570793417162385e-08,6.071842685905907,0.33844291401039533,u
1,29,,55182.40215081121,False,True,1.694930232614909e-08,5.943473237488154,0.2576671886835591,u
1,30,,55194.00750306689,False,True,2.4579563882388012e-08,5.8490545000377905,0.2778610364894275,u
1,31,,55207.01302042016,False,True,3.57400025289715e-08,5.775209067900654,0.2765298559214444,u
1,32,,55221.31420618692,False,True,5.2377911754166454e-08,5.714906778312216,0.23909635624698433,u
1,33,,55236.836740955994,False,True,7.756399095442944e-08,5.664155834463377,0.22261279335117584,u
1,34,,55253.52450928068,False,True,1.1625718288817512e-07,5.620483192612972,0.23435368264542145,u
1,35,,55271.33329731982,False,True,1.7666611190343587e-07,5.582250416001176,0.23819413640160844,u
1,36,,55290.22712577321,False,True,2.728413089025739e-07,5.548314894455667,0.221640106281532,u
1,37,,55310.17595264978,False,True,4.3001704564802876e-07,5.517847114797987,0.20658118952210217,u
1,38,,55331.15415035602,False,True,6.969951340199189e-07,5.490224975154981,0.20875718256918813,u
1,39,,55353.13944884964,False,True,1.179796522757686e-06,5.464969005908822,0.21703773999710466,u
1,40,,55376.112171951616,False,True,2.155899823789306e-06,5.441700415167118,0.214518680020472,u
1,41,,55400.0546582982,False,True,4.6093519972593154e-06,5.420111126615415,0.20247847125116528,u
1,42,,55424.950755976024,False,True,1.4581869616808042e-05,5.399927140903843,0.19515168336153196,u
1,43,,55450.78431233658,False,True,0.00022135791716207092,5.380240082830469,0.19860690466512326,u
1,44,17,55460.98545086616,False,True,0.9984775579391821,1.9464781117580914,8.402612369299392e-05,b
1,45,,55477.54908727046,False,True,0.00012935541159974484,5.36285512368648,0.20430678202536845,u
1,46,,55505.220809771905,False,True,3.675658782456794e-05,5.3461811266775445,0.20210253383236026,u
1,47,,55533.79280776512,False,True,3.197369644649222e-05,5.329998073354044,0.19346416003498335,u
1,48,,55563.25212580081,False,True,3.9478063290020554e-05,5.314417878953996,0.18792912491383407,u
1,49,,55593.58638410559,False,True,5.634175120752531e-05,5.299330644328617,0.19016926937138598,u
1,50,,55624.78299966269,False,True,8.64550405863008e-05,5.284607371269463,0.19486091211107803,u
1,51,,55656.828744081744,False,True,0.0001389178212571026,5.270097628259813,0.19434730066778524,u
1,52,,55689.70912051737,False,True,0.00023207420129545993,5.255606359264363,0.1881055399911481,u
1,53,,55723.40727185143,False,True,0.0004047514375559761,5.240839594243604,0.18254394597270074,u
1,54,,55757.90172072515,False,True,0.0007482953308125146,5.22526230253101,0.1826443550117435,u
1,55,,55793.16070741708,False,True,0.0015157951833481961,5.207644807403128,0.1862150927171663,u
1,56,,55829.123899689,False,True,0.003613671661298735,5.184142504175983,0.18697085988658188,u
1,57,,55865.614726216525,False,True,0.012130138845300557,5.135348161797689,0.18114125113782928,u
1,58,,55901.4084604911,False,True,0.10388640006235622,4.796347424439527,0.1570177905645174,u
1,59,18,55921.676491946484,False,True,0.7006686948445827,2.912263049997845,0.05007525868223964,u
1,60,,55945.005424913885,False,True,0.10582713719087652,4.865172164830204,0.16073968340377032,u
1,61,,55982.581184524905,False,True,0.0275792754571372,5.081231228619232,0.17556894696493572,u
1,62,,56021.838489771275,False,True,0.018657897285422245,5.088884170851803,0.17915515517299932,u
1,63,,56061.823717224725,False,False,0.019402243753606985,5.069320276347469,0.17770759261028773,u
1,64,,56102.28525335479,False,False,0.025464618462492854,5.035511422002598,0.17224132661158462,u
1,65,,56143.001116228224,False,False,0.03794795303694539,4.985988109268688,0.16634909470902765,u
1,66,,56183.68913534536,False,False,0.059807662005897474,4.916497042597012,0.1625744047613224,u
1,67,,56224.030373747264,False,False,0.09268907372329047,4.829522426652952,0.16030357434333756,u
1,68,,56263.901862295876,False,False,0.1285248660007998,4.752211109930923,0.15831510478279473,u
1,69,,56303.77563754975,False,False,0.1467316690561419,4.730552655377031,0.1573563640553494,u
1,70,,56344.58582709953,False,False,0.1380867377118222,4.769072120551469,0.15761367198761886,u
61,0,0,46028.07441744097,True,True,0.9999999999999999,1.6665182635547842,1.0337712613622379e-29,b
61,1,1,46799.090604570294,True,True,0.9999999999999999,1.678564577070865,6.334125537258557e-29,b
61,2,2,47557.48752091129,True,True,1.0000000000000009,1.6908953522665133,6.232611368556288e-29,b
61,3,3,48302.87047290189,True,True,1.0000000000000002,1.7035743661809946,3.620992197143949e-29,b
61,4,4,49034.852012015115,True,True,0.9999999999999999,1.7166516320254872,3.1236377025478245e-29,b
61,5,5,49753.06892407155,True,True,1.0000000000000007,1.7301667342815767,1.478380626735928e-29,b
61,6,6,50457.18905497205,True,True,1.0,1.7441526674393306,2.5474643791767146e-29,b
61,7,7,51146.907882223655,True,True,1.0000000000000002,1.7586408900490575,3.7303500989989884e-29,b
61,8,8,51821.93305531734,True,True,0.9999999999999994,1.7736686139478033,2.7691342779866523e-29,b
61,9,9,52481.95323920763,True,True,0.999999999999975,1.7892899499737505,4.594975485949666e-29,b
61,10,10,53126.58466701075,True,True,0.999999999998478,1.8055938497345558,4.305093031100801e-29,b
61,11,11,53755.283127737195,True,True,0.9999999999232758,1.8227348696725123,1.4824503025672805e-28,b
61,12,12,54367.19661251839,True,True,0.9999999967561901,1.8409905559955795,2.1667044968010314e-28,b
61,13,13,54960.90344478042,True,True,0.9999998832313168,1.8608810272296803,1.1595645751614633e-27,b
61,14,,55270.86903006651,False,True,7.696365464585813e-18,7.395711808900719,0.915520606610655,u
61,15,,55288.89307666182,False,True,8.687647008399022e-18,6.987037574415498,0.3791570246157635,u
61,16,,55304.80033989211,False,True,9.381793757462721e-18,6.66813801847034,0.33869020335031763,u
61,17,,55319.46441319562,False,True,9.775095812144416e-18,6.381799827219023,0.24035879630993484,u
61,18,,55332.97222671179,False,True,9.720472853664759e-18,6.0877284199990465,0.18097433379964648,u
61,19,,55344.859732980236,False,True,8.616667469220801e-18,5.683217419717844,0.14429050999052404,u
61,20,,55353.33896687837,False,True,5.563017704521149e-18,4.933181634268162,0.08788276389981249,u
61,21,,55360.32423871727,False,True,8.70925715839395e-18,5.012918740009034,0.11625592251374373,u
61,22,,55369.98341557273,False,True,1.2242445620061569e-17,5.163168698092066,0.13926073438109232,u
61,23,,55381.09251120738,False,True,2.146460759805353e-17,5.198324978610539,0.14630923057766096,u
61,24,,55393.45179670085,False,True,3.8225117032483555e-17,5.224237111786216,0.14650237984471412,u
61,25,,55406.985976185904,False,True,8.981985501495241e-17,5.240338446698231,0.145185699003587,u
61,26,,55421.63267106766,False,True,2.0222231585127596e-16,5.24993478418423,0.14860238802223152,u
61,27,,55437.34953475709,False,True,5.109954014119792e-16,5.255219105415695,0.15774347336328629,u
61,28,,55454.10529783875,False,True,1.2210761182776303e-15,5.25749406465934,0.16737592807550952,u
61,29,,55471.875513664396,False,True,3.0349674222753685e-15,5.257609631926346,0.1710773965713595,u
61,30,,55490.64029066022,False,True,7.405025214408839e-15,5.2561461008490244,0.16761481814836945,u
61,31,,55510.38292581478,False,True,2.035221941225846e-14,5.253512179753432,0.16226571087865743,u
61,32,,55531.08903587059,False,True,6.884719701135487e-13,5.250002783236144,0.16162510573535788,u
61,33,14,55533.89660529256,False,True,0.9999963362976576,1.8834584648197226,1.237714960269721e-13,b
61,34,,55552.74598037467,False,True,1.1835110234825587e-13,5.245834802781723,0.16712321643337885,u
61,35,,55575.342463908186,False,True,2.0802824563169273e-13,5.241170169912291,0.1738390812581017,u
61,36,,55598.86825281141,False,True,4.4426737484179846e-13,5.236131230457317,0.17572078073823494,u
61,37,,55623.313967546484,False,True,9.6331815770859e-13,5.230811277746265,0.17174217900779562,u
61,38,,55648.67092646591,False,True,2.0874421147076964e-12,5.225281935626553,0.166710941202261,u
61,39,,55674.93102540297,False,True,4.484675472740508e-12,5.219598433677366,0.16612291660377163,u
61,40,,55702.08664267722,False,True,9.564390905212022e-12,5.213803438108403,0.17056990640547873,u
61,41,,55730.1305625255,False,True,2.0210863641456478e-11,5.207929872147738,0.17542332463662744,u
61,42,,55759.0559120257,False,True,4.237654024336538e-11,5.202003016263213,0.17584934425411472,u
61,43,,55788.85610798619,False,True,8.812757139871156e-11,5.196042086335652,0.17175582435636358,u
61,44,,55819.52481123918,False,True,1.820132790411846e-10,5.19006142742256,0.16762401741628802,u
61,45,,55851.05588639077,False,True,3.7358118699371814e-10,5.184071419824354,0.16768048853294526,u
61,46,,55883.4433655489,False,True,7.636319712340166e-10,5.178079166311209,0.17160131666815828,u
61,47,,55916.681414764396,False,True,1.559766285938215e-09,5.172089009628944,0.1751039868711999,u
61,48,,55950.764302217234,False,True,3.2102830585772227e-09,5.166102915189934,0.17454439309194805,u
61,49,,55985.686367155664,False,True,6.815832633813253e-09,5.160120742765855,0.17060216168310463,u
61,50,,56021.441988734856,False,True,1.6388177565795037e-08,5.15414041732896,0.16735145419114564,u
61,51,,56058.0255533153,False,True,8.443310959053668e-08,5.148157854487314,0.16792708541532278,u
61,52,15,56081.38749270081,False,True,0.9998937931757881,1.911192324581406,7.039384195729387e-08,b
61,53,,56095.43142999893,False,True,3.6231810561691023e-07,5.142167191081426,0.1713871376342232,u
61,54,,56133.65390131249,False,True,1.254078011683181e-07,5.136162615639062,0.17389031816945516,u
61,55,,56172.68717089034,False,True,1.853155434160654e-07,5.130132348597531,0.1727492486660349,u
61,56,,56212.52527722199,False,True,3.2981358788013044e-07,5.124065168145117,0.1690936935233688,u
61,57,,56253.16205121688,False,True,6.146270447249985e-07,5.117946411158279,0.16652875407001852,u
61,58,,56294.591045357876,False,True,1.1676598303597106e-06,5.111757983175226,0.16736674689718922,u
61,59,,56336.805446093895,False,True,2.2537451148090313e-06,5.105477326086485,0.17036308477146023,u
61,60,,56379.79795758252,False,True,4.4511534249437856e-06,5.099075594775214,0.1721482413459656,u
61,61,,56423.56063400662,False,True,9.180535763872833e-06,5.092513838748089,0.17071435235187438,u
61,62,,56468.08459257408,False,True,2.081630966883131e-05,5.085731817411928,0.16735325200977755,u
61,63,,56513.3592798527,False,True,6.029371958224457e-05,5.078590469121824,0.1651945254037417,u
61,64,,56559.367521870554,False,True,0.0004131877776744812,5.069976085573306,0.16594059065046202,u
61,65,16,56592.44257859857,False,True,0.9920940653659106,1.9657519149886602,0.0007035418126087819,b
61,66,,56606.17523016908,False,True,0.0036808965269119545,5.053678356857934,0.16799627709999912,u
61,67,,56653.601386107046,False,True,0.0004344613089009559,5.054844641042577,0.16974199583962832,u
61,68,,56701.7494301669,False,True,0.00041215756310045875,5.046014920325317,0.16815776827484297,u
61,69,,56750.56599621541,False,True,0.0006279847002983732,5.035605808344355,0.16491419615269834,u
61,70,,56800.009686349316,False,True,0.0011567006439998232,5.022947545556849,0.1626594428074195,u
61,71,,56850.01317084682,False,True,0.0024308942997871507,5.005961699622513,0.16272273906115403,u
61,72,,56900.43643211726,False,True,0.006023868003380326,4.9781539481962565,0.1636040082259915,u
61,73,,56950.8626846215,False,True,0.02016841667129134,4.909359410606848,0.16111149768941754,u
61,74,,56998.96153781675,False,True,0.12917606229990772,4.525418340435896,0.13851922975457576,u
61,75,17,57030.69698646363,False,True,0.5459659140113448,3.3185943363876254,0.07128438821591244,u
61,76,,57064.072261459245,False,True,0.17084266466385153,4.53228238523605,0.1382862204512862,u
61,77,,57113.417644207155,False,False,0.056337800526536225,4.836881086442321,0.15343054375754106,u
61,78,,57165.45669312275,False,False,0.041343840640500736,4.857248372723439,0.15507703050012625,u
61,79,,57217.998840164735,False,False,0.04659666976917154,4.826382942189648,0.15531927415321298,u
61,80,,57270.3832952839,False,False,0.06498244605934111,4.768294979127773,0.15358832714955112,u
61,81,,57322.16702379108,False,False,0.09580344349446966,4.692885411469598,0.14930441992640034,u
61,82,,57373.23836300095,False,False,0.1306906566953688,4.6272758952518,0.14441737631650997,u
83,0,0,47757.54357912571,True,True,1.0,1.677188038747922,2.9634268798149514e-29,b
83,1,1,48510.819589495135,True,True,1.0,1.689557496519317,9.640307618358557e-30,b
83,2,2,49251.25756113126,True,True,0.9999999999999999,1.7022586543769727,6.1986494925537754e-30,b
83,3,3,49978.36876256883,True,True,1.0000000000000004,1.7153535147194914,1.0717276880255545e-28,b
83,4,4,50691.70460351524,True,True,0.9999999999999997,1.728890214341509,1.8020264654018134e-29,b
83,5,5,51390.86447256716,True,True,1.0,1.7429073406972915,7.842878868894241e-29,b
83,6,6,52075.49314764777,True,True,1.0000000000000002,1.757439134477175,7.156167319363562e-29,b
83,7,7,52745.26625455742,True,True,0.9999999999999999,1.7725227215255421,2.735376283836452e-29,b
83,8,8,53399.86020223959,True,True,0.9999999999999724,1.7882090477750667,1.6215596400849137e-28,b
83,9,9,54038.90014608882,True,True,0.9999999999982309,1.8045804041511815,6.560077295924176e-28,b
83,10,10,54661.87413173301,True,True,0.999999999908585,1.8217803285921121,1.7837176896821185e-28,b
83,11,11,55267.98969485726,False,True,0.9999999960894927,1.8400690694286534,1.0171796068151058e-26,b
83,12,,55357.73125363884,False,True,1.4328423615406744e-17,7.5145002920275275,0.9806313517076645,u
83,13,,55385.467825379324,False,True,1.6210632553453754e-17,7.186425898634232,0.6506936923855495,u
83,14,,55410.19098679135,False,True,1.7826681744526225e-17,6.9392875331461275,0.3724384403108897,u
83,15,,55433.56134017804,False,True,1.9294230549765168e-17,6.734203863288781,0.31223730558295015,u
83,16,,55456.16291616257,False,True,2.0652784110783706e-17,6.555790017439397,0.30047481658995884,u
83,17,,55478.26757980604,False,True,2.191970454913941e-17,6.395902358998296,0.2508625487604535,u
83,18,,55500.0189037153,False,True,2.3104214311417258e-17,6.249580540025027,0.21494680530711457,u
83,19,,55521.49817192661,False,True,2.4213208753617443e-17,6.113589082643094,0.2075030316022862,u
83,20,,55542.7546907781,False,True,2.5255111792037836e-17,5.985816638155925,0.20537095547027648,u
83,21,,55563.82326229746,False,True,2.624369216694351e-17,5.865053824228089,0.1932368532973884,u
83,22,,55584.737129758665,False,True,2.720249405183191e-17,5.750977707135322,0.175300454489887,u
83,23,,55605.53977052139,False,True,2.8169313901565335e-17,5.644229478144245,0.16181555520554572,u
83,24,,55626.296006947035,False,True,2.9198228904874254e-17,5.546413654212562,0.15701725751208176,u
83,25,,55647.09993033785,False,True,3.0354672061887194e-17,5.459766163072538,0.15780566992219716,u
83,26,,55668.07487295108,False,True,3.170141937134843e-17,5.386348002464765,0.15864916678435012,u
83,27,,55689.36227320009,False,True,3.327930224061721e-17,5.327064019394685,0.15624295626539286,u
83,28,,55711.102837978244,False,True,3.5101271961279405e-17,5.28117668175333,0.15114548856666937,u
83,29,,55733.419067230476,False,True,3.714427458481649e-17,5.246652797509437,0.14657646386430492,u
83,30,,55756.40631598294,False,True,3.940231133306014e-17,5.220962166082976,0.14567160016576167,u
83,31,,55780.132755284736,False,True,4.1788667004632807e-17,5.201743885990736,0.14899390996120296,u
83,32,,55804.644247150885,False,True,4.44302385625584e-17,5.187108391437309,0.1540344075311345,u
83,33,,55829.9702879524,False,True,4.698308305688087e-17,5.17566596445773,0.1571507225050799,u
83,34,12,55855.920078547446,False,True,0.9999998594106599,1.8599387031543153,6.244965038325119e-18,b
83,35,,55856.12908347299,False,True,9.062598716141036e-17,5.1664382128563755,0.15647287353933012,u
83,36,,55883.131285473486,False,True,5.2980507613970415e-17,5.158749590620647,0.1533872987656795,u
83,37,,55910.982556481256,False,True,5.958361681038576e-17,5.1521362456770206,0.1512935851528952,u
83,38,,55939.68527506879,False,True,6.682830650913545e-17,5.146279044210755,0.15264196499476318,u
83,39,,55969.23965652522,False,True,1.0024954791930066e-16,5.14095712657721,0.15680435386226818,u
83,40,,55999.64448830809,False,True,1.71188100336765e-16,5.136016469573355,0.16065884053896007,u
83,41,,56030.89761451329,False,True,4.3899436721741105e-16,5.131348761627691,0.16138157153755714,u
83,42,,56062.996256761005,False,True,1.1387776346338849e-15,5.126877186827025,0.15895222795257305,u
83,43,,56095.93722781792,False,True,3.3314593608131365e-15,5.122546799715127,0.15612021844563645,u
83,44,,56129.71707425443,False,True,9.213009517672725e-15,5.118317953096493,0.1558762510905242,u
83,45,,56164.33217165607,False,True,2.582046477634243e-14,5.114161767428384,0.1587462525062389,u
83,46,,56199.77878772886,False,True,6.939306013119543e-14,5.110056976222439,0.16237557702075428,u
83,47,,56236.053123423066,False,True,1.8458138774058443e-13,5.105987707162699,0.16375076904942684,u
83,48,,56273.15133881796,False,True,4.772060383142932e-13,5.101941905171607,0.16197650731979965,u
83,49,,56311.06956820078,False,True,1.2176359046531734e-12,5.097910199626955,0.15904226455831919,u
83,50,,56349.80392742834,False,True,3.070995580682092e-12,5.093885081035592,0.1579126307698884,u
83,51,,56389.35051557241,False,True,8.285837820610445e-12,5.089860294467478,0.15976592374977713,u
83,52,13,56423.30594365456,False,True,0.9999956498413088,1.8823917930669252,1.0362415135068474e-11,b
83,53,,56429.70541216306,False,True,8.417995549981705e-11,5.085830384912845,0.16295910727478388,u
83,54,,56470.86467095983,False,True,4.3722492118738607e-11,5.08179035011008,0.16463665736881972,u
83,55,,56512.82431074535,False,True,9.670684198006833e-11,5.077735364017645,0.16341950428825638,u
83,56,,56555.580303365976,False,True,2.1879295108332452e-10,5.073660553185416,0.1606427140858728,u
83,57,,56599.1285591905,False,True,4.914001707185098e-10,5.069560800910087,0.15902950882504632,u
83,58,,56643.46490971961,False,True,1.0925021866602963e-09,5.065430568207155,0.16011173490532765,u
83,59,,56688.58508718946,False,True,2.404815922005447e-09,5.06126371747155,0.16284062148962966,u
83,60,,56734.484700564135,False,True,5.253535929916985e-09,5.057053326845545,0.1646487475115738,u
83,61,,56781.15920731821,False,True,1.1446557690115112e-08,5.052791482324873,0.16389579587623992,u
83,62,,56828.603879934286,False,True,2.521711527933211e-08,5.048469031229983,0.1613700846488687,u
83,63,,56876.81376573006,False,True,5.9131830865833176e-08,5.044075265235562,0.15947357275074311,u
83,64,,56925.78363685199,False,True,2.0961393617598236e-07,5.039597266823293,0.15992696232510747,u
83,65,14,56965.597434235184,False,True,0.9998735604450147,1.90980925584559,5.590947095695794e-07,b
83,66,,56975.50797979409,False,True,3.647916042119844e-06,5.035011578826727,0.16218624313809885,u
83,67,,57025.98072628817,False,True,5.971908899377046e-07,5.030327702371105,0.1640270916026221,u
83,68,,57077.19549763679,False,True,9.567285590057086e-07,5.025495604806891,0.16367071810413436,u
83,69,,57129.145187073285,False,True,1.8425282028677702e-06,5.020496991178713,0.16142775227394623,u
83,70,,57181.821923350115,False,True,3.7125124262465217e-06,5.015297114869802,0.15933490618248894,u
83,71,,57235.2168198314,False,True,7.721134630795996e-06,5.00984988808929,0.1592017330049499,u
83,72,,57289.319613640786,False,True,1.6907557960873243e-05,5.00408967231759,0.1609371127301942,u
83,73,,57344.11797197813,False,True,4.1751747485656685e-05,4.997903769882223,0.1626963322179954,u
83,74,,57399.59521840293,False,True,0.00014813962291531865,4.99094322209082,0.1626331988641108,u
83,75,,57455.69321941381,False,True,0.003515536326761816,4.972513987624972,0.1600389321321823,u
83,76,15,57472.33101492213,False,True,0.9913084228762868,1.9664093743634583,0.0008601890632071241,b
83,77,,57512.58214229727,False,True,0.0011687233384706248,4.973974905728885,0.15824817193186766,u
83,78,,57569.9754061785,False,True,0.000637454385496817,4.966516566612369,0.15747195151861595,u
83,79,,57627.95417824994,False,True,0.0009276786506417208,4.9554924044851125,0.15837106622283695,u
83,80,,57686.440993166376,False,True,0.0018212709214041705,4.940699597366041,0.15954569597075918,u
83,81,,57745.3024741995,False,True,0.004338642417719342,4.917647624301653,0.15896954117426548,u
83,82,,57804.18665251707,False,True,0.01357277906328251,4.8672180053208445,0.1550264752869963,u
83,83,,57861.418800645806,False,True,0.07634902663995984,4.634975113203217,0.14034232634679447,u
83,84,16,57903.292879873676,False,True,0.5283339406428305,3.297959565719043,0.0678426098665076,u
83,85,,57936.14076169321,False,True,0.2436304264196261,4.266083593020792,0.12133782908188412,u
83,86,,57991.356017964135,False,False,0.06539281188429104,4.746278999216474,0.14757048436536016,u
83,87,,58050.746555722544,False,False,0.046673426122116626,4.772857817320435,0.15049251142769332,u
83,88,,58110.447796612025,False,False,0.05573076358126999,4.730424195851015,0.1491905098070013,u
83,89,,58169.42814116653,False,False,0.08334765310947283,4.651380303024982,0.14459511643105882,u
83,90,,58227.07347709413,False,False,0.12610417936202922,4.557109784956741,0.13839860907049326,u
92,0,0,48608.10449379288,True,True,0.9999999999999999,1.6825964103484232,5.35062916092846e-29,b
92,1,1,49352.495398956846,True,True,1.0000000000000002,1.6951372003494123,1.8777856867113812e-29,b
92,2,2,50083.9133783369,True,True,1.0000000000000002,1.708036868571172,1.4345108014692105e-29,b
92,3,3,50801.82804931408,True,True,1.0000000000000002,1.7213557620234372,3.2919765576209844e-29,b
92,4,4,51505.764799346056,True,True,0.9999999999999996,1.7351406652026078,2.633449874280873e-29,b
92,5,5,52195.30755589581,True,True,1.0000000000000002,1.749429666613934,7.637677641850912e-29,b
92,6,6,52870.09074645607,True,True,1.0000000000000004,1.7642582486870073,8.777183557443416e-29,b
92,7,7,53529.77798455644,True,True,0.9999999999999983,1.7796680285483033,8.820400315321955e-29,b
92,8,8,54174.02266464385,True,True,0.9999999999998562,1.7957203220454383,1.265235482639164e-28,b
92,9,9,54802.40190022226,True,True,0.9999999999912488,1.8125184849286333,1.7841079787902387e-28,b
92,10,,55400.05575340854,False,True,1.7497334274935928e-17,7.547323069854968,0.989507043253989,u
92,11,10,55414.307600529675,False,True,0.9999999995666078,1.8302474127707198,2.167535997631135e-25,b
92,12,,55431.82607518189,False,True,1.971170512576873e-17,7.239785896922387,0.7436739369085152,u
92,13,,55460.08141006617,False,True,2.1634493847342448e-17,7.008021503131463,0.383162823840134,u
92,14,,55486.773590350946,False,True,2.3407102461260528e-17,6.816150158172433,0.3642775389750337,u
92,15,,55512.60271487884,False,True,2.50796682520482e-17,6.650043241352796,0.31527170993309345,u
92,16,,55537.90563560075,False,True,2.6676239897837606e-17,6.502267319629809,0.25476431531551824,u
92,17,,55562.86965831922,False,True,2.8210670380803235e-17,6.368315155956997,0.24122060258567626,u
92,18,,55587.60863944223,False,True,2.969251074166878e-17,6.2452260897344525,0.23926038539699856,u
92,19,,55612.196698070475,False,True,3.112990517808985e-17,6.130972209307167,0.22117110306845478,u
92,20,,55636.685663051205,False,True,3.2531416851531055e-17,6.024153754576284,0.19783445094106222,u
92,21,,55661.115393035,False,True,3.3907455936381914e-17,5.923839998047945,0.18565563189808712,u
92,22,,55685.5207083517,False,True,3.527152420070138e-17,5.829484771512018,0.18450541972155,u
92,23,,55709.93659291373,False,True,3.664125533717759e-17,5.740878253514286,0.18397054636861182,u
92,24,,55734.40234274266,False,True,3.8038998804773435e-17,5.658106805249477,0.17737495759726332,u
92,25,,55758.96475178053,False,True,3.9491557970606533e-17,5.581495202192336,0.166734169655449,u
92,26,,55783.68003238915,False,True,4.1028654455865127e-17,5.511510656880498,0.15815159835347326,u
92,27,,55808.61399672074,False,True,4.26800233164463e-17,5.44862406575246,0.15533104986429713,u
92,28,,55833.840192658565,False,True,4.44716331653787e-17,5.393151653913948,0.15703715162453968,u
92,29,,55859.43621088266,False,True,4.642241024230437e-17,5.34512518229327,0.15910254679207889,u
92,30,,55885.47901578882,False,True,4.8541946893168955e-17,5.304238511197144,0.1581929917205992,u
92,31,,55912.04049221946,False,True,5.0832448061289684e-17,5.269885917464811,0.15421972860539654,u
92,32,,55939.18420282476,False,True,5.328571644260012e-17,5.241265601814047,0.14994432690760007,u
92,33,,55966.963771910305,False,True,5.590063382318126e-17,5.217500858354789,0.14846293738040636,u
92,34,,55995.42273245263,False,True,5.864483022074571e-17,5.197739868512701,0.15065050986182646,u
92,35,11,56008.76068079595,False,True,0.9999999821783857,1.8492504626103412,1.0905964729891732e-24,b
92,36,,56024.595361346495,False,True,6.156309936642295e-17,5.181217759083237,0.1545219900155048,u
92,37,,56054.5080005967,False,True,6.451543940108982e-17,5.167283452131581,0.15692683012800193,u
92,38,,56085.180491140345,False,True,6.781050519753503e-17,5.155402157537534,0.15614599918003877,u
92,39,,56116.627503740034,False,True,7.079978107060583e-17,5.145144612106806,0.15324691206264057,u
92,40,,56148.859674118896,False,True,7.510975869609851e-17,5.136171070505905,0.15108762745155072,u
92,41,,56181.88452363075,False,True,7.828194759177921e-17,5.128214707133095,0.15183383169437228,u
92,42,,56215.70718359722,False,True,8.866954333637984e-17,5.121066650972221,0.15511251617157845,u
92,43,,56250.33095473731,False,True,1.0133891105603324e-16,5.114563424855031,0.15837822023591813,u
92,44,,56285.757734662344,False,True,1.6367724311383874e-16,5.1085768212145695,0.15915369130181053,u
92,45,,56321.98834261781,False,True,3.0575865606734025e-16,5.103005931772865,0.15717771663386848,u
92,46,,56359.02276557464,False,True,8.356560958924558e-16,5.097770956560285,0.1545828808089047,u
92,47,,56396.86034441042,False,True,2.266229885498177e-15,5.092808428557488,0.1539697446394469,u
92,48,,56435.499914820175,False,True,6.7494452582096984e-15,5.088067540339109,0.15610343591505899,u
92,49,,56474.93991377097,False,True,1.905036394979009e-14,5.083507317982403,0.15927821868397748,u
92,50,,56515.17845984714,False,True,5.4243600964436e-14,5.079094441939716,0.16088958815497248,u
92,51,,56556.21341355593,False,True,1.530786315925801e-13,5.074801560346361,0.15977589846197393,u
92,52,12,56584.06794467717,False,True,0.9999993793314683,1.8702002975135201,1.0926193410063897e-14,b
92,53,,56598.04242218414,False,True,4.597879522273246e-13,5.07060597667628,0.1572217378350246,u
92,54,,56640.66295267292,False,True,1.0434562099715269e-12,5.066488621987074,0.1557477317795371,u
92,55,,56684.072314922756,False,True,2.664267674962479e-12,5.062433243474629,0.15681717059682906,u
92,56,,56728.2676775353,False,True,6.6856636033237596e-12,5.058425757345278,0.1595469599228311,u
92,57,,56773.246077196294,False,True,1.6503573459797038e-11,5.0544537261119435,0.16156493564356647,u
92,58,,56819.00442277189,False,True,3.9993368300328434e-11,5.050505929425822,0.16119165961443882,u
92,59,,56865.5394947194,False,True,9.538996948424342e-11,5.046572004194294,0.15894171988294298,u
92,60,,56912.847940167034,False,True,2.2401769926443585e-10,5.0426421344537795,0.1569996805975856,u
92,61,,56960.92626389356,False,True,5.195679305999187e-10,5.0387067748217715,0.15719482553077083,u
92,62,,57009.770815101365,False,True,1.1964850911789163e-09,5.034756393368931,0.1593510629127965,u
92,63,,57059.37776972003,False,True,2.8065018800431886e-09,5.030781220528928,0.1615022938698102,u
92,64,,57109.74310772341,False,True,9.268377661883946e-09,5.026770981432665,0.16172916043430552,u
92,65,13,57137.09857805402,False,True,0.9999809775580185,1.8945571711263811,2.4068604498682965e-09,b
92,66,,57160.8625853875,False,True,2.2263739145728293e-08,5.022714656159075,0.1599031498354062,u
92,67,,57212.73169823512,False,True,2.909448580687061e-08,5.018600144455449,0.15775314703265722,u
92,68,,57265.34564009629,False,True,5.9434867558560706e-08,5.014413805148248,0.15723996506913124,u
92,69,,57318.6992469175,False,True,1.2466630088201542e-07,5.010140130023325,0.1587659118070059,u
92,70,,57372.786929379494,False,True,2.6236939553543617e-07,5.00576105313431,0.16085360974313512,u
92,71,,57427.60258620426,False,True,5.548858131259486e-07,5.001255139330195,0.1615434284713473,u
92,72,,57483.13949120224,False,True,1.1960662173122346e-06,4.996596344306956,0.1601874630842698,u
92,73,,57539.39013757525,False,True,2.757661641963569e-06,4.991751614425929,0.15799742949385298,u
92,74,,57596.345968849535,False,True,8.57214850228994e-06,4.986669985000157,0.15688711708133357,u
92,75,,57653.993397259444,False,True,0.000625898797808455,4.979354983617848,0.1576133238185709,u
92,76,14,57661.37091796282,False,True,0.9987679134042661,1.9284096208642432,0.00011085650721519623,b
92,77,,57712.335253364916,False,True,4.065622699719987e-05,4.975622076958218,0.15954203770733655,u
92,78,,57771.342108929355,False,True,4.422027075171564e-05,4.9695376755925285,0.16052593309707477,u
92,79,,57831.00368434124,False,True,7.987016968071472e-05,4.962840370633061,0.15961079109656479,u
92,80,,57891.29833334642,False,True,0.00016420240339054613,4.955312623683482,0.1574401766746276,u
92,81,,57952.19568335237,False,True,0.00037531782116529886,4.9464504875598605,0.15569350645842076,u
92,82,,58013.643682264286,False,True,0.0010433731595600655,4.934699993845483,0.1554739723467148,u
92,83,,58075.4913802114,False,True,0.005035759874618951,4.909402651736867,0.15581339220143792,u
92,84,,58133.19230780908,False,True,0.46710459127532367,3.4837568476450023,0.08005493435554369,u
92,85,,58143.72091607931,False,True,0.4961143236804698,3.483630192709728,0.08137441166807259,u
92,86,,58201.91662730885,False,True,0.013680178512235932,4.874539719737575,0.15572015463662917,u
92,87,,58264.9154015098,False,True,0.010131500650691044,4.8656607849732865,0.15376709732598198,u
92,88,,58328.03418350677,False,True,0.01603631818216191,4.827625300654765,0.15011131685740398,u
92,89,,58390.52372972749,False,True,0.03519517838230344,4.747470905395037,0.14529416913667248,u
92,90,,58450.67074801335,False,False,0.09475957443581602,4.554459786552035,0.13560590821667687,u
92,91,,58504.70449052178,False,False,0.23387892441140876,4.190346874276437,0.11725788017060321,u
92,92,,58553.751782872394,False,False,0.2712856091718553,4.179908422550383,0.11858878956091709,u
92,93,,58608.58987682863,False,False,0.16462113556305294,4.4890984806241905,0.13613325112347283,u
92,94,,58669.4111625604,False,False,0.10690055068247765,4.624019244755643,0.1426234285978596,u
