J,index,energy,inner_probability,mean_r,below_limit,below_barrier,native_flag,native_error_cm
1,0,43950.23416860652,0.9999999999999997,1.6541855691306853,True,True,b,-3.9348378777503967e-07
1,1,44742.27370355243,1.0,1.6659504900982989,True,True,b,-4.475659807212651e-07
1,2,45521.474574358144,1.0000000000000009,1.6778771607925265,True,True,b,3.5814446164295077e-07
1,3,46288.01457853148,1.0,1.6900683720692242,True,True,b,-4.6852073865011334e-07
1,4,47041.74460234979,0.9999999999999996,1.7026328487422624,True,True,b,3.497916623018682e-07
1,5,47782.244733416475,1.0000000000000004,1.715683465257561,True,True,b,4.164758138358593e-07
1,6,48508.866448103945,0.9999999999999998,1.7293383492028007,True,True,b,1.0394433047622442e-07
1,7,49220.76183004306,1.0,1.7437240682140096,True,True,b,4.3059117160737514e-08
1,8,49916.901246981,1.0000000000000004,1.758980601676504,True,True,b,-1.900480128824711e-08
1,9,50596.08046396467,0.9999999999999994,1.7752683007716454,True,True,b,-3.5332050174474716e-08
1,10,51256.91723256459,0.9999999999999994,1.792777607321534,True,True,b,-4.3540785554796457e-07
1,11,51897.836023958356,0.9999999999999994,1.8117431170477865,True,True,b,-4.1640305425971746e-08
1,12,52517.037487989,1.0,1.832465008165045,True,True,b,-1.100124791264534e-08
1,13,53112.44565628376,0.9999999999999982,1.855343745575403,True,True,b,2.8375507099553943e-07
1,14,53681.61904117215,0.9999999999996158,1.880940432420258,True,True,b,1.7214915715157986e-07
1,15,54221.596944320045,0.9999999999397152,1.9100913317841166,True,True,b,3.2004754757508636e-07
1,16,54728.61588637828,0.9999999919116834,1.9441515878578293,True,True,b,3.782770363613963e-07
1,17,55153.2800172725,4.956697397295544e-22,5.269800025136856,True,True,u,2.7249916456639767e-07
1,18,55158.97292651405,3.4276764402276935e-20,5.968297592998821,True,True,u,-4.859539330936968e-07
1,19,55163.847597199536,2.4910475356045646e-19,6.188122600280666,True,True,u,1.9953586161136627e-07
1,20,55170.08767167758,5.7857214003418295e-19,6.0637882698183505,False,True,u,-3.2241950975731015e-07
1,21,55177.903654137524,9.890322201179148e-19,5.957874460268689,False,True,u,1.3752287486568093e-07
1,22,55187.13120842668,1.484248178217684e-18,5.877063113105482,False,True,u,4.2668398236855865e-07
1,23,55197.525549797036,0.9999990764151943,1.985606975495977,False,True,b,-2.0296283764764667e-07
1,24,55197.658541772485,4.053735295197267e-16,5.811362859387897,False,True,u,-2.2751191863790154e-07
1,25,55209.405557258564,4.635705784281452e-18,5.755532981134043,False,True,u,2.585657057352364e-07
1,26,55222.31023439836,1.2682560635599807e-17,5.706675659292773,False,True,u,3.9836595533415675e-07
1,27,55236.322184794364,4.1773354817165466e-17,5.663040512245298,False,True,u,-2.0563311409205198e-07
1,28,55251.39919850169,1.6225870191801963e-16,5.623495858587124,False,True,u,5.016918294131756e-07
1,29,55267.50521259419,6.204920021668369e-16,5.5872733951341385,False,True,u,-4.058092599734664e-07
1,30,55284.60903802945,2.392645290695375e-15,5.553833103519913,False,True,u,2.9445800464600325e-08
1,31,55302.683523087166,8.930343042689748e-15,5.522785708191415,False,True,u,8.716597221791744e-08
1,32,55321.70497854584,3.269211384887878e-14,5.493844757834519,False,True,u,-4.5416527427732944e-07
1,33,55341.65275974781,1.1615786685148505e-13,5.46679491104855,False,True,u,-2.5218469090759754e-07
1,34,55362.50893761743,4.0238945779339124e-13,5.441469616884959,False,True,u,-3.8256985135376453e-07
1,35,55384.258012821476,1.3551063422329683e-12,5.417734642481147,False,True,u,-1.7852289602160454e-07
1,36,55406.8866422054,4.444325754244912e-12,5.3954756098092345,False,True,u,2.0540028344839811e-07
1,37,55430.38335904805,1.4190719518210701e-11,5.374588614021452,False,True,u,4.8050424084067345e-08
1,38,55454.738278548015,4.4181196050443046e-11,5.354973444525692,False,True,u,-4.519824869930744e-07
1,39,55479.94278854842,1.3432378806664633e-10,5.336529093270276,False,True,u,-4.5158230932429433e-07
1,40,55505.98923136569,4.0021448775298884e-10,5.319151228848232,False,True,u,3.65689629688859e-07
1,41,55532.87058573251,1.1776895147640057e-09,5.302731234420154,False,True,u,-2.674860297702253e-07
1,42,55560.58015801321,3.512720499638468e-09,5.287156324442769,False,True,u,1.3213139027357101e-08
1,43,55589.111289403285,1.2363349337194592e-08,5.272310208250619,False,True,u,4.0328450268134475e-07
1,44,55618.45707701064,2.679325776029997e-06,5.258065002370139,False,True,u,1.0637450031936169e-08
1,45,55620.337074840005,0.9999055716705625,2.0401071994042383,False,True,b,-1.5999830793589354e-07
1,46,55648.61014003477,9.046711684549694e-08,5.24432579418922,False,True,u,3.477180143818259e-08
1,47,55679.562316168754,1.7633264240719343e-07,5.23094164708827,False,True,u,1.687512849457562e-07
1,48,55711.304456636615,4.297903441840934e-07,5.217792354322681,False,True,u,-3.6338315112516284e-07
1,49,55743.82610800181,1.0797567646843275e-06,5.204740995723522,False,True,u,1.811713445931673e-09
1,50,55777.11516316944,2.7383184564128694e-06,5.191636657552516,False,True,u,1.6943522496148944e-07
1,51,55811.15738231511,7.038787540846933e-06,5.178303697213526,False,True,u,3.1511444831267e-07
1,52,55845.935674557564,1.8686302919729377e-05,5.1645202380414945,False,True,u,-4.4243643060326576e-07
1,53,55881.428838637745,5.374872214827275e-05,5.149961923954919,False,True,u,-3.622553776949644e-07
1,54,55917.608494186905,0.0001930572422450055,5.1339478588583844,False,True,u,1.8690479919314384e-07
1,55,55954.420724476004,0.0015936365265113574,5.111711052697714,False,True,u,4.760004230774939e-07
1,56,55980.563635056824,0.9720688602984588,2.181172875573841,False,True,b,5.6825228966772556e-08
1,57,55992.0873038514,0.015306269638253003,5.060188874091782,False,True,u,-1.486041583120823e-07
1,58,56029.994845418565,0.0025954470110736674,5.072703709551193,False,True,u,4.1856401367112994e-07
1,59,56068.44919555796,0.0035343915925612904,5.043821112862506,False,True,u,-4.4204352889209986e-07
1,60,56107.18362901879,0.007809154373398121,4.999073168980885,False,True,u,1.879379851743579e-08
1,61,56145.79839157338,0.02157602666403795,4.917382768752501,False,True,u,-4.26618498750031e-07
1,62,56183.24829864979,0.07055839778285942,4.728342013332079,False,False,u,-3.5020639188587666e-07
1,63,56216.994066442145,0.21053283749875024,4.344077612598989,False,False,u,4.421453922986984e-07
1,64,56247.2083320699,0.27848667588664866,4.294329245011204,False,False,u,6.990012479946017e-08
1,65,56281.28317425909,0.17616822596140316,4.612700771472326,False,False,u,2.590968506410718e-07
1,66,56319.59172263557,0.11439927752061592,4.748535087100635,False,False,u,-3.6443088902160525e-07
1,67,56359.64413953957,0.09633235093934975,4.773963008919484,False,False,u,-4.604298737831414e-07
