id,energy,g,J,parity,ef,state,v,Lambda,Sigma,Omega,flag,mean_r,tail_probability
251,43950.357546,36,1,+,f,A1Pi,0,1,0.0,1.0,b,1.65427,8.7e-30
252,44742.126214,36,1,+,f,A1Pi,1,1,0.0,1.0,b,1.66594,1.6e-30
253,45521.499405,36,1,+,f,A1Pi,2,1,0.0,1.0,b,1.67786,2.4e-30
254,46288.168666,36,1,+,f,A1Pi,3,1,0.0,1.0,b,1.6901,4e-30
255,47041.812894,36,1,+,f,A1Pi,4,1,0.0,1.0,b,1.70271,4e-30
256,47782.133661,36,1,+,f,A1Pi,5,1,0.0,1.0,b,1.71571,7.5e-30
257,48508.882213,36,1,+,f,A1Pi,6,1,0.0,1.0,b,1.72913,7.7e-30
258,49221.879992,36,1,+,f,A1Pi,7,1,0.0,1.0,b,1.74296,5.1e-30
259,49921.033327,36,1,+,f,A1Pi,8,1,0.0,1.0,b,1.75719,6.8e-30
260,50606.34218,36,1,+,f,A1Pi,9,1,0.0,1.0,b,1.7718,8.9e-30
261,51277.902565,36,1,+,f,A1Pi,10,1,0.0,1.0,b,1.78676,3.1e-30
262,51935.902335,36,1,+,f,A1Pi,11,1,0.0,1.0,b,1.80204,1.3e-29
263,52580.610429,36,1,+,f,A1Pi,12,1,0.0,1.0,b,1.81758,2.3e-30
264,53212.360168,36,1,+,f,A1Pi,13,1,0.0,1.0,b,1.83335,5.2e-30
265,53831.527712,36,1,+,f,A1Pi,14,1,0.0,1.0,b,1.84933,1.1e-30
266,54438.507078,36,1,+,f,A1Pi,15,1,0.0,1.0,b,1.86547,6.8e-30
267,55033.683037,36,1,+,f,A1Pi,16,1,0.0,1.0,b,1.88179,1.7e-29
268,55151.383139,36,1,+,f,A1Pi,17,1,0.0,1.0,u,5.20976,0.00054
269,55158.583988,36,1,+,f,A1Pi,18,1,0.0,1.0,u,5.95051,0.064
270,55163.814906,36,1,+,f,A1Pi,19,1,0.0,1.0,u,6.30248,0.34
271,55170.424323,36,1,+,f,A1Pi,20,1,0.0,1.0,u,6.18752,0.36
272,55178.890617,36,1,+,f,A1Pi,21,1,0.0,1.0,u,6.08708,0.26
273,55189.020231,36,1,+,f,A1Pi,22,1,0.0,1.0,u,6.01399,0.25
274,55200.690381,36,1,+,f,A1Pi,23,1,0.0,1.0,u,5.95666,0.28
275,55213.817198,36,1,+,f,A1Pi,24,1,0.0,1.0,u,5.90931,0.26
276,55228.337784,36,1,+,f,A1Pi,25,1,0.0,1.0,u,5.86886,0.23
277,55244.202223,36,1,+,f,A1Pi,26,1,0.0,1.0,u,5.83347,0.23
278,55261.369425,36,1,+,f,A1Pi,27,1,0.0,1.0,u,5.80198,0.24
279,55279.804668,36,1,+,f,A1Pi,28,1,0.0,1.0,u,5.77358,0.24
280,55299.478041,36,1,+,f,A1Pi,29,1,0.0,1.0,u,5.74772,0.22
281,55320.363378,36,1,+,f,A1Pi,30,1,0.0,1.0,u,5.72396,0.21
282,55342.437512,36,1,+,f,A1Pi,31,1,0.0,1.0,u,5.70199,0.22
283,55365.679721,36,1,+,f,A1Pi,32,1,0.0,1.0,u,5.68156,0.23
284,55390.071308,36,1,+,f,A1Pi,33,1,0.0,1.0,u,5.66245,0.22
285,55415.595286,36,1,+,f,A1Pi,34,1,0.0,1.0,u,5.64453,0.21
286,55442.236116,36,1,+,f,A1Pi,35,1,0.0,1.0,u,5.62763,0.21
287,55469.97951,36,1,+,f,A1Pi,36,1,0.0,1.0,u,5.61167,0.21
288,55498.812262,36,1,+,f,A1Pi,37,1,0.0,1.0,u,5.59653,0.22
289,55528.722114,36,1,+,f,A1Pi,38,1,0.0,1.0,u,5.58214,0.21
290,55559.697642,36,1,+,f,A1Pi,39,1,0.0,1.0,u,5.56843,0.2
291,55591.728162,36,1,+,f,A1Pi,40,1,0.0,1.0,u,5.55534,0.2
292,55617.402696,36,1,+,f,A1Pi,41,1,0.0,1.0,b,1.89829,7.2e-27
293,55624.803648,36,1,+,f,A1Pi,42,1,0.0,1.0,u,5.54282,0.21
294,55658.914662,36,1,+,f,A1Pi,43,1,0.0,1.0,u,5.53082,0.21
295,55694.0523,36,1,+,f,A1Pi,44,1,0.0,1.0,u,5.5193,0.2
296,55730.208135,36,1,+,f,A1Pi,45,1,0.0,1.0,u,5.50822,0.2
297,55767.374175,36,1,+,f,A1Pi,46,1,0.0,1.0,u,5.49755,0.2
298,55805.542823,36,1,+,f,A1Pi,47,1,0.0,1.0,u,5.48726,0.2
299,55844.706845,36,1,+,f,A1Pi,48,1,0.0,1.0,u,5.47733,0.2
300,55884.859333,36,1,+,f,A1Pi,49,1,0.0,1.0,u,5.46773,0.2
301,55925.993685,36,1,+,f,A1Pi,50,1,0.0,1.0,u,5.45844,0.19
302,55968.103577,36,1,+,f,A1Pi,51,1,0.0,1.0,u,5.44945,0.19
303,56011.18294,36,1,+,f,A1Pi,52,1,0.0,1.0,u,5.44072,0.2
304,56055.225944,36,1,+,f,A1Pi,53,1,0.0,1.0,u,5.43226,0.2
305,56100.226976,36,1,+,f,A1Pi,54,1,0.0,1.0,u,5.42403,0.19
306,56146.180626,36,1,+,f,A1Pi,55,1,0.0,1.0,u,5.41604,0.19
307,56189.945593,36,1,+,f,A1Pi,56,1,0.0,1.0,b,1.915,2.8e-25
308,56193.081672,36,1,+,f,A1Pi,57,1,0.0,1.0,u,5.40826,0.19
309,56240.925068,36,1,+,f,A1Pi,58,1,0.0,1.0,u,5.40069,0.19
310,56289.705927,36,1,+,f,A1Pi,59,1,0.0,1.0,u,5.39331,0.19
311,56339.419513,36,1,+,f,A1Pi,60,1,0.0,1.0,u,5.38611,0.19
312,56390.061231,36,1,+,f,A1Pi,61,1,0.0,1.0,u,5.37908,0.19
313,56441.626615,36,1,+,f,A1Pi,62,1,0.0,1.0,u,5.37223,0.19
314,56494.111318,36,1,+,f,A1Pi,63,1,0.0,1.0,u,5.36552,0.19
315,56547.511106,36,1,+,f,A1Pi,64,1,0.0,1.0,u,5.35897,0.19
316,56601.821848,36,1,+,f,A1Pi,65,1,0.0,1.0,u,5.35256,0.19
317,56657.03951,36,1,+,f,A1Pi,66,1,0.0,1.0,u,5.34628,0.19
318,56713.160145,36,1,+,f,A1Pi,67,1,0.0,1.0,u,5.34013,0.18
319,56751.49054,36,1,+,f,A1Pi,68,1,0.0,1.0,b,1.93199,4.6e-24
320,56770.179886,36,1,+,f,A1Pi,69,1,0.0,1.0,u,5.3341,0.19
321,56828.094942,36,1,+,f,A1Pi,70,1,0.0,1.0,u,5.32819,0.19
322,56886.901592,36,1,+,f,A1Pi,71,1,0.0,1.0,u,5.32238,0.19
323,56946.596172,36,1,+,f,A1Pi,72,1,0.0,1.0,u,5.31669,0.19
324,57007.175077,36,1,+,f,A1Pi,73,1,0.0,1.0,u,5.31109,0.18
325,57068.634748,36,1,+,f,A1Pi,74,1,0.0,1.0,u,5.30559,0.18
326,57130.971671,36,1,+,f,A1Pi,75,1,0.0,1.0,u,5.30017,0.19
327,57194.182369,36,1,+,f,A1Pi,76,1,0.0,1.0,u,5.29484,0.19
328,57258.263393,36,1,+,f,A1Pi,77,1,0.0,1.0,u,5.2896,0.18
329,57302.074951,36,1,+,f,A1Pi,78,1,0.0,1.0,b,1.94937,1.4e-19
330,57323.211322,36,1,+,f,A1Pi,79,1,0.0,1.0,u,5.28443,0.18
331,57389.022749,36,1,+,f,A1Pi,80,1,0.0,1.0,u,5.27933,0.18
332,57455.694281,36,1,+,f,A1Pi,81,1,0.0,1.0,u,5.2743,0.18
333,57523.222528,36,1,+,f,A1Pi,82,1,0.0,1.0,u,5.26933,0.19
334,57591.604096,36,1,+,f,A1Pi,83,1,0.0,1.0,u,5.26443,0.18
335,57660.835583,36,1,+,f,A1Pi,84,1,0.0,1.0,u,5.25957,0.18
336,57730.913566,36,1,+,f,A1Pi,85,1,0.0,1.0,u,5.25477,0.18
337,57801.834595,36,1,+,f,A1Pi,86,1,0.0,1.0,u,5.25002,0.18
338,57841.53797,36,1,+,f,A1Pi,87,1,0.0,1.0,b,1.96733,5.9e-16
339,57873.595183,36,1,+,f,A1Pi,88,1,0.0,1.0,u,5.24531,0.18
340,57946.191795,36,1,+,f,A1Pi,89,1,0.0,1.0,u,5.24064,0.18
341,58019.620837,36,1,+,f,A1Pi,90,1,0.0,1.0,u,5.236,0.18
342,58093.878644,36,1,+,f,A1Pi,91,1,0.0,1.0,u,5.2314,0.18
343,58168.961465,36,1,+,f,A1Pi,92,1,0.0,1.0,u,5.22681,0.18
344,58244.865449,36,1,+,f,A1Pi,93,1,0.0,1.0,u,5.22225,0.18
345,58321.586626,36,1,+,f,A1Pi,94,1,0.0,1.0,u,5.2177,0.18
346,58369.42943,36,1,+,f,A1Pi,95,1,0.0,1.0,b,1.98617,1.2e-12
347,58399.120884,36,1,+,f,A1Pi,96,1,0.0,1.0,u,5.21315,0.18
348,58477.463954,36,1,+,f,A1Pi,97,1,0.0,1.0,u,5.20861,0.18
349,58556.611374,36,1,+,f,A1Pi,98,1,0.0,1.0,u,5.20407,0.18
350,58636.558464,36,1,+,f,A1Pi,99,1,0.0,1.0,u,5.19951,0.18
351,58717.30029,36,1,+,f,A1Pi,100,1,0.0,1.0,u,5.19493,0.18
352,58798.831618,36,1,+,f,A1Pi,101,1,0.0,1.0,u,5.19031,0.18
353,58881.146865,36,1,+,f,A1Pi,102,1,0.0,1.0,u,5.18566,0.18
354,58884.844142,36,1,+,f,A1Pi,103,1,0.0,1.0,b,2.0064,4.1e-08
355,58964.240043,36,1,+,f,A1Pi,104,1,0.0,1.0,u,5.18095,0.18
356,59048.104674,36,1,+,f,A1Pi,105,1,0.0,1.0,u,5.17618,0.17
357,59132.733712,36,1,+,f,A1Pi,106,1,0.0,1.0,u,5.17132,0.18
358,59218.119422,36,1,+,f,A1Pi,107,1,0.0,1.0,u,5.16636,0.18
359,59304.253243,36,1,+,f,A1Pi,108,1,0.0,1.0,u,5.16127,0.18
360,59386.073992,36,1,+,f,A1Pi,109,1,0.0,1.0,b,2.02923,8.4e-06
361,59391.125872,36,1,+,f,A1Pi,110,1,0.0,1.0,u,5.15588,0.18
362,59478.725757,36,1,+,f,A1Pi,111,1,0.0,1.0,u,5.15059,0.17
363,59567.041217,36,1,+,f,A1Pi,112,1,0.0,1.0,u,5.14493,0.17
364,59656.057629,36,1,+,f,A1Pi,113,1,0.0,1.0,u,5.13897,0.17
365,59745.757758,36,1,+,f,A1Pi,114,1,0.0,1.0,u,5.13263,0.18
366,59836.117415,36,1,+,f,A1Pi,115,1,0.0,1.0,u,5.1253,0.17
367,59869.707414,36,1,+,f,A1Pi,116,1,0.0,1.0,b,2.05774,5.7e-05
368,59927.131453,36,1,+,f,A1Pi,117,1,0.0,1.0,u,5.11827,0.17
369,60018.737463,36,1,+,f,A1Pi,118,1,0.0,1.0,u,5.11021,0.17
370,60110.9039,36,1,+,f,A1Pi,119,1,0.0,1.0,u,5.10058,0.17
371,60203.545104,36,1,+,f,A1Pi,120,1,0.0,1.0,u,5.08752,0.17
372,60296.184478,36,1,+,f,A1Pi,121,1,0.0,1.0,u,5.01596,0.17
373,60327.5109,36,1,+,f,A1Pi,122,1,0.0,1.0,b,2.19165,0.0054
374,60390.683504,36,1,+,f,A1Pi,123,1,0.0,1.0,u,5.04384,0.17
375,60484.038119,36,1,+,f,A1Pi,124,1,0.0,1.0,u,5.03147,0.17
376,60577.015126,36,1,+,f,A1Pi,125,1,0.0,1.0,u,4.97785,0.16
377,60666.681382,36,1,+,f,A1Pi,126,1,0.0,1.0,u,4.72997,0.15
378,60730.436256,36,1,+,f,A1Pi,127,1,0.0,1.0,u,3.3673,0.07
379,60781.964067,36,1,+,f,A1Pi,128,1,0.0,1.0,u,4.39469,0.13
380,60867.124233,36,1,+,f,A1Pi,129,1,0.0,1.0,u,4.79855,0.16
381,60955.945839,36,1,+,f,A1Pi,130,1,0.0,1.0,u,4.74065,0.15
382,61040.711605,36,1,+,f,A1Pi,131,1,0.0,1.0,u,4.5391,0.14
383,61118.712355,36,1,+,f,A1Pi,132,1,0.0,1.0,u,4.35295,0.13
384,61195.973765,36,1,+,f,A1Pi,133,1,0.0,1.0,u,4.44494,0.13
385,61279.066249,36,1,+,f,A1Pi,134,1,0.0,1.0,u,4.58999,0.14
386,61365.907593,36,1,+,f,A1Pi,135,1,0.0,1.0,u,4.62774,0.15
387,61453.334352,36,1,+,f,A1Pi,136,1,0.0,1.0,u,4.60025,0.14
388,61540.200791,36,1,+,f,A1Pi,137,1,0.0,1.0,u,4.56693,0.14
389,61627.128993,36,1,+,f,A1Pi,138,1,0.0,1.0,u,4.56563,0.14
390,61715.228911,36,1,+,f,A1Pi,139,1,0.0,1.0,u,4.5885,0.14
391,61804.821649,36,1,+,f,A1Pi,140,1,0.0,1.0,u,4.60811,0.14
392,61895.51804,36,1,+,f,A1Pi,141,1,0.0,1.0,u,4.61378,0.14
393,61986.902112,36,1,+,f,A1Pi,142,1,0.0,1.0,u,4.61146,0.15
394,62078.870835,36,1,+,f,A1Pi,143,1,0.0,1.0,u,4.61027,0.15
395,62171.558001,36,1,+,f,A1Pi,144,1,0.0,1.0,u,4.61378,0.15
396,62265.100877,36,1,+,f,A1Pi,145,1,0.0,1.0,u,4.6196,0.15
397,62359.512523,36,1,+,f,A1Pi,146,1,0.0,1.0,u,4.62428,0.15
398,62454.72159,36,1,+,f,A1Pi,147,1,0.0,1.0,u,4.62677,0.15
399,62550.664991,36,1,+,f,A1Pi,148,1,0.0,1.0,u,4.62814,0.15
400,62647.33053,36,1,+,f,A1Pi,149,1,0.0,1.0,u,4.62974,0.15
401,62744.738187,36,1,+,f,A1Pi,150,1,0.0,1.0,u,4.63194,0.15
402,62842.903586,36,1,+,f,A1Pi,151,1,0.0,1.0,u,4.63428,0.15
403,62941.822135,36,1,+,f,A1Pi,152,1,0.0,1.0,u,4.63629,0.15
404,63041.477746,36,1,+,f,A1Pi,153,1,0.0,1.0,u,4.63785,0.15
405,63141.85767,36,1,+,f,A1Pi,154,1,0.0,1.0,u,4.63917,0.15
406,63242.958239,36,1,+,f,A1Pi,155,1,0.0,1.0,u,4.64048,0.15
407,63344.780694,36,1,+,f,A1Pi,156,1,0.0,1.0,u,4.64181,0.15
408,63447.324909,36,1,+,f,A1Pi,157,1,0.0,1.0,u,4.64309,0.15
409,63550.587202,36,1,+,f,A1Pi,158,1,0.0,1.0,u,4.64423,0.15
410,63654.5623,36,1,+,f,A1Pi,159,1,0.0,1.0,u,4.64523,0.15
411,63759.246013,36,1,+,f,A1Pi,160,1,0.0,1.0,u,4.64614,0.15
412,63864.636013,36,1,+,f,A1Pi,161,1,0.0,1.0,u,4.647,0.15
413,63970.730832,36,1,+,f,A1Pi,162,1,0.0,1.0,u,4.64781,0.15
414,64077.528665,36,1,+,f,A1Pi,163,1,0.0,1.0,u,4.64857,0.15
415,64185.027064,36,1,+,f,A1Pi,164,1,0.0,1.0,u,4.64925,0.15
416,64293.223431,36,1,+,f,A1Pi,165,1,0.0,1.0,u,4.64987,0.15
417,64402.115542,36,1,+,f,A1Pi,166,1,0.0,1.0,u,4.65043,0.15
418,64511.701628,36,1,+,f,A1Pi,167,1,0.0,1.0,u,4.65096,0.15
419,64621.980113,36,1,+,f,A1Pi,168,1,0.0,1.0,u,4.65143,0.15
420,64732.949362,36,1,+,f,A1Pi,169,1,0.0,1.0,u,4.65187,0.15
421,64844.60765,36,1,+,f,A1Pi,170,1,0.0,1.0,u,4.65226,0.15
422,64956.953292,36,1,+,f,A1Pi,171,1,0.0,1.0,u,4.65261,0.15
423,65069.984752,36,1,+,f,A1Pi,172,1,0.0,1.0,u,4.65292,0.15
424,65183.700637,36,1,+,f,A1Pi,173,1,0.0,1.0,u,4.6532,0.15
425,65298.099621,36,1,+,f,A1Pi,174,1,0.0,1.0,u,4.65345,0.15
426,65413.180387,36,1,+,f,A1Pi,175,1,0.0,1.0,u,4.65366,0.15
427,65528.941632,36,1,+,f,A1Pi,176,1,0.0,1.0,u,4.65384,0.15
428,65645.382102,36,1,+,f,A1Pi,177,1,0.0,1.0,u,4.654,0.15
429,65762.500615,36,1,+,f,A1Pi,178,1,0.0,1.0,u,4.65413,0.15
430,65880.296047,36,1,+,f,A1Pi,179,1,0.0,1.0,u,4.65423,0.15
431,65998.767311,36,1,+,f,A1Pi,180,1,0.0,1.0,u,4.65431,0.15
432,66117.913344,36,1,+,f,A1Pi,181,1,0.0,1.0,u,4.65437,0.15
433,66237.733112,36,1,+,f,A1Pi,182,1,0.0,1.0,u,4.6544,0.15
434,66358.225614,36,1,+,f,A1Pi,183,1,0.0,1.0,u,4.65441,0.15
435,66479.389892,36,1,+,f,A1Pi,184,1,0.0,1.0,u,4.65441,0.15
436,66601.22502,36,1,+,f,A1Pi,185,1,0.0,1.0,u,4.65438,0.15
437,66723.730098,36,1,+,f,A1Pi,186,1,0.0,1.0,u,4.65434,0.15
438,66846.904247,36,1,+,f,A1Pi,187,1,0.0,1.0,u,4.65428,0.15
439,66970.746615,36,1,+,f,A1Pi,188,1,0.0,1.0,u,4.6542,0.15
440,67095.256375,36,1,+,f,A1Pi,189,1,0.0,1.0,u,4.65411,0.15
441,67220.432724,36,1,+,f,A1Pi,190,1,0.0,1.0,u,4.654,0.15
442,67346.274884,36,1,+,f,A1Pi,191,1,0.0,1.0,u,4.65388,0.15
443,67472.782094,36,1,+,f,A1Pi,192,1,0.0,1.0,u,4.65374,0.15
444,67599.953615,36,1,+,f,A1Pi,193,1,0.0,1.0,u,4.65359,0.15
445,67727.788723,36,1,+,f,A1Pi,194,1,0.0,1.0,u,4.65343,0.15
446,67856.286717,36,1,+,f,A1Pi,195,1,0.0,1.0,u,4.65326,0.15
447,67985.446912,36,1,+,f,A1Pi,196,1,0.0,1.0,u,4.65308,0.15
448,68115.26864,36,1,+,f,A1Pi,197,1,0.0,1.0,u,4.65289,0.15
449,68245.751247,36,1,+,f,A1Pi,198,1,0.0,1.0,u,4.65268,0.15
450,68376.894098,36,1,+,f,A1Pi,199,1,0.0,1.0,u,4.65247,0.15
451,68508.696568,36,1,+,f,A1Pi,200,1,0.0,1.0,u,4.65224,0.15
452,68641.158051,36,1,+,f,A1Pi,201,1,0.0,1.0,u,4.65201,0.15
453,68774.27795,36,1,+,f,A1Pi,202,1,0.0,1.0,u,4.65177,0.15
454,68908.055686,36,1,+,f,A1Pi,203,1,0.0,1.0,u,4.65152,0.15
455,69042.490688,36,1,+,f,A1Pi,204,1,0.0,1.0,u,4.65127,0.15
456,69177.5824,36,1,+,f,A1Pi,205,1,0.0,1.0,u,4.651,0.15
457,69313.330275,36,1,+,f,A1Pi,206,1,0.0,1.0,u,4.65073,0.15
458,69449.733781,36,1,+,f,A1Pi,207,1,0.0,1.0,u,4.65046,0.15
459,69586.792392,36,1,+,f,A1Pi,208,1,0.0,1.0,u,4.65017,0.15
460,69724.505598,36,1,+,f,A1Pi,209,1,0.0,1.0,u,4.64988,0.15
461,69862.872894,36,1,+,f,A1Pi,210,1,0.0,1.0,u,4.64959,0.15
588,43950.357714,36,1,-,e,A1Pi,0,-1,0.0,-1.0,b,1.65427,1.1e-29
592,44742.12638,36,1,-,e,A1Pi,1,-1,0.0,-1.0,b,1.66594,2.9e-30
596,45521.499569,36,1,-,e,A1Pi,2,-1,0.0,-1.0,b,1.67786,3.2e-30
600,46288.168827,36,1,-,e,A1Pi,3,-1,0.0,-1.0,b,1.6901,7.8e-30
604,47041.813052,36,1,-,e,A1Pi,4,-1,0.0,-1.0,b,1.70271,5.7e-30
608,47782.133817,36,1,-,e,A1Pi,5,-1,0.0,-1.0,b,1.71571,1.3e-29
612,48508.882366,36,1,-,e,A1Pi,6,-1,0.0,-1.0,b,1.72913,1.2e-29
616,49221.880142,36,1,-,e,A1Pi,7,-1,0.0,-1.0,b,1.74296,8.2e-30
621,49921.033475,36,1,-,e,A1Pi,8,-1,0.0,-1.0,b,1.75719,1.6e-29
625,50606.342325,36,1,-,e,A1Pi,9,-1,0.0,-1.0,b,1.7718,2.7e-29
630,51277.902707,36,1,-,e,A1Pi,10,-1,0.0,-1.0,b,1.78676,1.9e-29
635,51935.902474,36,1,-,e,A1Pi,11,-1,0.0,-1.0,b,1.80204,3.4e-29
640,52580.610566,36,1,-,e,A1Pi,12,-1,0.0,-1.0,b,1.81758,1.1e-28
646,53212.360302,36,1,-,e,A1Pi,13,-1,0.0,-1.0,b,1.83335,8.9e-29
653,53831.527843,36,1,-,e,A1Pi,14,-1,0.0,-1.0,b,1.84933,1.8e-28
661,54438.507207,36,1,-,e,A1Pi,15,-1,0.0,-1.0,b,1.86547,7.3e-28
674,55033.683163,36,1,-,e,A1Pi,16,-1,0.0,-1.0,b,1.88179,5.7e-24
678,55151.383151,36,1,-,e,A1Pi,17,-1,0.0,-1.0,u,5.20976,0.00054
679,55158.584004,36,1,-,e,A1Pi,18,-1,0.0,-1.0,u,5.95051,0.064
680,55163.814925,36,1,-,e,A1Pi,19,-1,0.0,-1.0,u,6.30248,0.34
681,55170.424343,36,1,-,e,A1Pi,20,-1,0.0,-1.0,u,6.18752,0.36
682,55178.890635,36,1,-,e,A1Pi,21,-1,0.0,-1.0,u,6.08708,0.26
683,55189.020249,36,1,-,e,A1Pi,22,-1,0.0,-1.0,u,6.01399,0.25
685,55200.690399,36,1,-,e,A1Pi,23,-1,0.0,-1.0,u,5.95666,0.28
686,55213.817216,36,1,-,e,A1Pi,24,-1,0.0,-1.0,u,5.90931,0.26
687,55228.337801,36,1,-,e,A1Pi,25,-1,0.0,-1.0,u,5.86886,0.23
689,55244.202241,36,1,-,e,A1Pi,26,-1,0.0,-1.0,u,5.83347,0.23
690,55261.369442,36,1,-,e,A1Pi,27,-1,0.0,-1.0,u,5.80198,0.24
691,55279.804685,36,1,-,e,A1Pi,28,-1,0.0,-1.0,u,5.77358,0.24
693,55299.478058,36,1,-,e,A1Pi,29,-1,0.0,-1.0,u,5.74772,0.22
694,55320.363395,36,1,-,e,A1Pi,30,-1,0.0,-1.0,u,5.72396,0.21
696,55342.437531,36,1,-,e,A1Pi,31,-1,0.0,-1.0,u,5.70199,0.22
697,55365.679738,36,1,-,e,A1Pi,32,-1,0.0,-1.0,u,5.68156,0.23
698,55390.071325,36,1,-,e,A1Pi,33,-1,0.0,-1.0,u,5.66245,0.22
700,55415.595303,36,1,-,e,A1Pi,34,-1,0.0,-1.0,u,5.64453,0.21
701,55442.236132,36,1,-,e,A1Pi,35,-1,0.0,-1.0,u,5.62763,0.21
703,55469.979527,36,1,-,e,A1Pi,36,-1,0.0,-1.0,u,5.61167,0.21
704,55498.812278,36,1,-,e,A1Pi,37,-1,0.0,-1.0,u,5.59653,0.22
706,55528.722131,36,1,-,e,A1Pi,38,-1,0.0,-1.0,u,5.58214,0.21
707,55559.697659,36,1,-,e,A1Pi,39,-1,0.0,-1.0,u,5.56843,0.2
709,55591.728179,36,1,-,e,A1Pi,40,-1,0.0,-1.0,u,5.55534,0.2
710,55617.402819,36,1,-,e,A1Pi,41,-1,0.0,-1.0,b,1.89829,2.3e-24
711,55624.803664,36,1,-,e,A1Pi,42,-1,0.0,-1.0,u,5.54282,0.21
713,55658.914679,36,1,-,e,A1Pi,43,-1,0.0,-1.0,u,5.53082,0.21
714,55694.052313,36,1,-,e,A1Pi,44,-1,0.0,-1.0,u,5.5193,0.2
716,55730.208151,36,1,-,e,A1Pi,45,-1,0.0,-1.0,u,5.50822,0.2
718,55767.374192,36,1,-,e,A1Pi,46,-1,0.0,-1.0,u,5.49755,0.2
719,55805.54284,36,1,-,e,A1Pi,47,-1,0.0,-1.0,u,5.48726,0.2
721,55844.706861,36,1,-,e,A1Pi,48,-1,0.0,-1.0,u,5.47733,0.2
722,55884.859349,36,1,-,e,A1Pi,49,-1,0.0,-1.0,u,5.46773,0.2
724,55925.993702,36,1,-,e,A1Pi,50,-1,0.0,-1.0,u,5.45844,0.19
726,55968.103596,36,1,-,e,A1Pi,51,-1,0.0,-1.0,u,5.44945,0.19
727,56011.182957,36,1,-,e,A1Pi,52,-1,0.0,-1.0,u,5.44072,0.2
729,56055.225961,36,1,-,e,A1Pi,53,-1,0.0,-1.0,u,5.43226,0.2
730,56100.226991,36,1,-,e,A1Pi,54,-1,0.0,-1.0,u,5.42403,0.19
732,56146.180642,36,1,-,e,A1Pi,55,-1,0.0,-1.0,u,5.41604,0.19
734,56189.945714,36,1,-,e,A1Pi,56,-1,0.0,-1.0,b,1.915,1.7e-24
735,56193.08169,36,1,-,e,A1Pi,57,-1,0.0,-1.0,u,5.40826,0.19
736,56240.925084,36,1,-,e,A1Pi,58,-1,0.0,-1.0,u,5.40069,0.19
738,56289.705943,36,1,-,e,A1Pi,59,-1,0.0,-1.0,u,5.39331,0.19
740,56339.419531,36,1,-,e,A1Pi,60,-1,0.0,-1.0,u,5.38611,0.19
741,56390.061247,36,1,-,e,A1Pi,61,-1,0.0,-1.0,u,5.37908,0.19
743,56441.626631,36,1,-,e,A1Pi,62,-1,0.0,-1.0,u,5.37223,0.19
745,56494.111337,36,1,-,e,A1Pi,63,-1,0.0,-1.0,u,5.36552,0.19
746,56547.511122,36,1,-,e,A1Pi,64,-1,0.0,-1.0,u,5.35897,0.19
748,56601.821865,36,1,-,e,A1Pi,65,-1,0.0,-1.0,u,5.35256,0.19
750,56657.039529,36,1,-,e,A1Pi,66,-1,0.0,-1.0,u,5.34628,0.19
751,56713.16016,36,1,-,e,A1Pi,67,-1,0.0,-1.0,u,5.34013,0.18
753,56751.490658,36,1,-,e,A1Pi,68,-1,0.0,-1.0,b,1.93199,7e-24
754,56770.179902,36,1,-,e,A1Pi,69,-1,0.0,-1.0,u,5.3341,0.19
756,56828.09496,36,1,-,e,A1Pi,70,-1,0.0,-1.0,u,5.32819,0.19
757,56886.901607,36,1,-,e,A1Pi,71,-1,0.0,-1.0,u,5.32238,0.19
759,56946.596188,36,1,-,e,A1Pi,72,-1,0.0,-1.0,u,5.31669,0.19
761,57007.175094,36,1,-,e,A1Pi,73,-1,0.0,-1.0,u,5.31109,0.18
762,57068.63476,36,1,-,e,A1Pi,74,-1,0.0,-1.0,u,5.30559,0.18
764,57130.971687,36,1,-,e,A1Pi,75,-1,0.0,-1.0,u,5.30017,0.19
766,57194.182385,36,1,-,e,A1Pi,76,-1,0.0,-1.0,u,5.29484,0.19
768,57258.263413,36,1,-,e,A1Pi,77,-1,0.0,-1.0,u,5.2896,0.18
769,57302.075067,36,1,-,e,A1Pi,78,-1,0.0,-1.0,b,1.94937,1.4e-19
770,57323.211337,36,1,-,e,A1Pi,79,-1,0.0,-1.0,u,5.28443,0.18
772,57389.022765,36,1,-,e,A1Pi,80,-1,0.0,-1.0,u,5.27933,0.18
774,57455.694298,36,1,-,e,A1Pi,81,-1,0.0,-1.0,u,5.2743,0.18
775,57523.222534,36,1,-,e,A1Pi,82,-1,0.0,-1.0,u,5.26933,0.19
777,57591.604112,36,1,-,e,A1Pi,83,-1,0.0,-1.0,u,5.26443,0.18
779,57660.8356,36,1,-,e,A1Pi,84,-1,0.0,-1.0,u,5.25957,0.18
781,57730.913584,36,1,-,e,A1Pi,85,-1,0.0,-1.0,u,5.25477,0.18
782,57801.834608,36,1,-,e,A1Pi,86,-1,0.0,-1.0,u,5.25002,0.18
784,57841.538084,36,1,-,e,A1Pi,87,-1,0.0,-1.0,b,1.96733,5.9e-16
785,57873.595199,36,1,-,e,A1Pi,88,-1,0.0,-1.0,u,5.24531,0.18
787,57946.191811,36,1,-,e,A1Pi,89,-1,0.0,-1.0,u,5.24064,0.18
789,58019.620854,36,1,-,e,A1Pi,90,-1,0.0,-1.0,u,5.236,0.18
790,58093.878657,36,1,-,e,A1Pi,91,-1,0.0,-1.0,u,5.2314,0.18
792,58168.961481,36,1,-,e,A1Pi,92,-1,0.0,-1.0,u,5.22681,0.18
794,58244.865466,36,1,-,e,A1Pi,93,-1,0.0,-1.0,u,5.22225,0.18
796,58321.586643,36,1,-,e,A1Pi,94,-1,0.0,-1.0,u,5.2177,0.18
797,58369.429541,36,1,-,e,A1Pi,95,-1,0.0,-1.0,b,1.98617,1.2e-12
798,58399.120895,36,1,-,e,A1Pi,96,-1,0.0,-1.0,u,5.21315,0.18
800,58477.463969,36,1,-,e,A1Pi,97,-1,0.0,-1.0,u,5.20861,0.18
802,58556.61139,36,1,-,e,A1Pi,98,-1,0.0,-1.0,u,5.20407,0.18
804,58636.558481,36,1,-,e,A1Pi,99,-1,0.0,-1.0,u,5.19951,0.18
806,58717.300323,36,1,-,e,A1Pi,100,-1,0.0,-1.0,u,5.19493,0.18
807,58798.831633,36,1,-,e,A1Pi,101,-1,0.0,-1.0,u,5.19031,0.18
809,58881.146881,36,1,-,e,A1Pi,102,-1,0.0,-1.0,u,5.18566,0.18
810,58884.84425,36,1,-,e,A1Pi,103,-1,0.0,-1.0,b,2.0064,4.1e-08
812,58964.240059,36,1,-,e,A1Pi,104,-1,0.0,-1.0,u,5.18095,0.18
814,59048.104692,36,1,-,e,A1Pi,105,-1,0.0,-1.0,u,5.17618,0.17
815,59132.733725,36,1,-,e,A1Pi,106,-1,0.0,-1.0,u,5.17132,0.18
817,59218.119438,36,1,-,e,A1Pi,107,-1,0.0,-1.0,u,5.16636,0.18
819,59304.253259,36,1,-,e,A1Pi,108,-1,0.0,-1.0,u,5.16127,0.18
821,59386.074097,36,1,-,e,A1Pi,109,-1,0.0,-1.0,b,2.02923,8.4e-06
822,59391.12589,36,1,-,e,A1Pi,110,-1,0.0,-1.0,u,5.15588,0.18
824,59478.725781,36,1,-,e,A1Pi,111,-1,0.0,-1.0,u,5.15059,0.17
825,59567.041231,36,1,-,e,A1Pi,112,-1,0.0,-1.0,u,5.14493,0.17
827,59656.057645,36,1,-,e,A1Pi,113,-1,0.0,-1.0,u,5.13897,0.17
829,59745.757774,36,1,-,e,A1Pi,114,-1,0.0,-1.0,u,5.13263,0.18
831,59836.117433,36,1,-,e,A1Pi,115,-1,0.0,-1.0,u,5.1253,0.17
832,59869.707515,36,1,-,e,A1Pi,116,-1,0.0,-1.0,b,2.05774,5.7e-05
833,59927.131384,36,1,-,e,A1Pi,117,-1,0.0,-1.0,u,5.1183,0.17
835,60018.737478,36,1,-,e,A1Pi,118,-1,0.0,-1.0,u,5.11021,0.17
837,60110.903916,36,1,-,e,A1Pi,119,-1,0.0,-1.0,u,5.10058,0.17
839,60203.54512,36,1,-,e,A1Pi,120,-1,0.0,-1.0,u,5.08752,0.17
841,60296.184497,36,1,-,e,A1Pi,121,-1,0.0,-1.0,u,5.01596,0.17
842,60327.510992,36,1,-,e,A1Pi,122,-1,0.0,-1.0,b,2.19165,0.0054
843,60390.683512,36,1,-,e,A1Pi,123,-1,0.0,-1.0,u,5.04384,0.17
845,60484.038135,36,1,-,e,A1Pi,124,-1,0.0,-1.0,u,5.03147,0.17
847,60577.015143,36,1,-,e,A1Pi,125,-1,0.0,-1.0,u,4.97785,0.16
849,60666.681404,36,1,-,e,A1Pi,126,-1,0.0,-1.0,u,4.72997,0.15
850,60730.43631,36,1,-,e,A1Pi,127,-1,0.0,-1.0,u,3.36731,0.07
852,60781.964102,36,1,-,e,A1Pi,128,-1,0.0,-1.0,u,4.39469,0.13
853,60867.124253,36,1,-,e,A1Pi,129,-1,0.0,-1.0,u,4.79855,0.16
855,60955.945861,36,1,-,e,A1Pi,130,-1,0.0,-1.0,u,4.74065,0.15
857,61040.711633,36,1,-,e,A1Pi,131,-1,0.0,-1.0,u,4.5391,0.14
858,61118.712382,36,1,-,e,A1Pi,132,-1,0.0,-1.0,u,4.35295,0.13
860,61195.973799,36,1,-,e,A1Pi,133,-1,0.0,-1.0,u,4.44494,0.13
862,61279.06628,36,1,-,e,A1Pi,134,-1,0.0,-1.0,u,4.58999,0.14
863,61365.907617,36,1,-,e,A1Pi,135,-1,0.0,-1.0,u,4.62774,0.15
865,61453.334382,36,1,-,e,A1Pi,136,-1,0.0,-1.0,u,4.60025,0.14
867,61540.200823,36,1,-,e,A1Pi,137,-1,0.0,-1.0,u,4.56693,0.14
869,61627.129066,36,1,-,e,A1Pi,138,-1,0.0,-1.0,u,4.56566,0.14
870,61715.228942,36,1,-,e,A1Pi,139,-1,0.0,-1.0,u,4.5885,0.14
872,61804.821681,36,1,-,e,A1Pi,140,-1,0.0,-1.0,u,4.60811,0.14
874,61895.518075,36,1,-,e,A1Pi,141,-1,0.0,-1.0,u,4.61378,0.14
875,61986.902142,36,1,-,e,A1Pi,142,-1,0.0,-1.0,u,4.61146,0.15
877,62078.870867,36,1,-,e,A1Pi,143,-1,0.0,-1.0,u,4.61027,0.15
879,62171.558035,36,1,-,e,A1Pi,144,-1,0.0,-1.0,u,4.61378,0.15
880,62265.100903,36,1,-,e,A1Pi,145,-1,0.0,-1.0,u,4.6196,0.15
882,62359.512554,36,1,-,e,A1Pi,146,-1,0.0,-1.0,u,4.62428,0.15
884,62454.721623,36,1,-,e,A1Pi,147,-1,0.0,-1.0,u,4.62677,0.15
886,62550.665027,36,1,-,e,A1Pi,148,-1,0.0,-1.0,u,4.62814,0.15
887,62647.330562,36,1,-,e,A1Pi,149,-1,0.0,-1.0,u,4.62974,0.15
889,62744.738219,36,1,-,e,A1Pi,150,-1,0.0,-1.0,u,4.63194,0.15
891,62842.90362,36,1,-,e,A1Pi,151,-1,0.0,-1.0,u,4.63428,0.15
893,62941.822198,36,1,-,e,A1Pi,152,-1,0.0,-1.0,u,4.6363,0.15
894,63041.477778,36,1,-,e,A1Pi,153,-1,0.0,-1.0,u,4.63785,0.15
896,63141.857703,36,1,-,e,A1Pi,154,-1,0.0,-1.0,u,4.63917,0.15
898,63242.958274,36,1,-,e,A1Pi,155,-1,0.0,-1.0,u,4.64048,0.15
899,63344.780718,36,1,-,e,A1Pi,156,-1,0.0,-1.0,u,4.64182,0.15
901,63447.324942,36,1,-,e,A1Pi,157,-1,0.0,-1.0,u,4.64309,0.15
903,63550.587236,36,1,-,e,A1Pi,158,-1,0.0,-1.0,u,4.64423,0.15
905,63654.562335,36,1,-,e,A1Pi,159,-1,0.0,-1.0,u,4.64523,0.15
906,63759.24604,36,1,-,e,A1Pi,160,-1,0.0,-1.0,u,4.64614,0.15
908,63864.636046,36,1,-,e,A1Pi,161,-1,0.0,-1.0,u,4.647,0.15
910,63970.730867,36,1,-,e,A1Pi,162,-1,0.0,-1.0,u,4.64781,0.15
912,64077.528701,36,1,-,e,A1Pi,163,-1,0.0,-1.0,u,4.64857,0.15
913,64185.02709,36,1,-,e,A1Pi,164,-1,0.0,-1.0,u,4.64925,0.15
915,64293.223465,36,1,-,e,A1Pi,165,-1,0.0,-1.0,u,4.64987,0.15
917,64402.115577,36,1,-,e,A1Pi,166,-1,0.0,-1.0,u,4.65043,0.15
918,64511.701662,36,1,-,e,A1Pi,167,-1,0.0,-1.0,u,4.65096,0.15
919,64621.980146,36,1,-,e,A1Pi,168,-1,0.0,-1.0,u,4.65143,0.15
920,64732.949393,36,1,-,e,A1Pi,169,-1,0.0,-1.0,u,4.65187,0.15
921,64844.607679,36,1,-,e,A1Pi,170,-1,0.0,-1.0,u,4.65226,0.15
922,64956.953321,36,1,-,e,A1Pi,171,-1,0.0,-1.0,u,4.65261,0.15
923,65069.984781,36,1,-,e,A1Pi,172,-1,0.0,-1.0,u,4.65292,0.15
924,65183.700666,36,1,-,e,A1Pi,173,-1,0.0,-1.0,u,4.6532,0.15
925,65298.099649,36,1,-,e,A1Pi,174,-1,0.0,-1.0,u,4.65345,0.15
926,65413.180415,36,1,-,e,A1Pi,175,-1,0.0,-1.0,u,4.65366,0.15
927,65528.94166,36,1,-,e,A1Pi,176,-1,0.0,-1.0,u,4.65384,0.15
928,65645.38213,36,1,-,e,A1Pi,177,-1,0.0,-1.0,u,4.654,0.15
929,65762.500643,36,1,-,e,A1Pi,178,-1,0.0,-1.0,u,4.65413,0.15
930,65880.296075,36,1,-,e,A1Pi,179,-1,0.0,-1.0,u,4.65423,0.15
931,65998.767338,36,1,-,e,A1Pi,180,-1,0.0,-1.0,u,4.65431,0.15
932,66117.913372,36,1,-,e,A1Pi,181,-1,0.0,-1.0,u,4.65437,0.15
933,66237.733139,36,1,-,e,A1Pi,182,-1,0.0,-1.0,u,4.6544,0.15
934,66358.225642,36,1,-,e,A1Pi,183,-1,0.0,-1.0,u,4.65441,0.15
935,66479.38992,36,1,-,e,A1Pi,184,-1,0.0,-1.0,u,4.65441,0.15
936,66601.225048,36,1,-,e,A1Pi,185,-1,0.0,-1.0,u,4.65438,0.15
937,66723.730125,36,1,-,e,A1Pi,186,-1,0.0,-1.0,u,4.65434,0.15
938,66846.904275,36,1,-,e,A1Pi,187,-1,0.0,-1.0,u,4.65428,0.15
939,66970.746643,36,1,-,e,A1Pi,188,-1,0.0,-1.0,u,4.6542,0.15
940,67095.256403,36,1,-,e,A1Pi,189,-1,0.0,-1.0,u,4.65411,0.15
941,67220.432752,36,1,-,e,A1Pi,190,-1,0.0,-1.0,u,4.654,0.15
942,67346.274912,36,1,-,e,A1Pi,191,-1,0.0,-1.0,u,4.65388,0.15
943,67472.782122,36,1,-,e,A1Pi,192,-1,0.0,-1.0,u,4.65374,0.15
944,67599.953643,36,1,-,e,A1Pi,193,-1,0.0,-1.0,u,4.65359,0.15
945,67727.788751,36,1,-,e,A1Pi,194,-1,0.0,-1.0,u,4.65343,0.15
946,67856.286745,36,1,-,e,A1Pi,195,-1,0.0,-1.0,u,4.65326,0.15
947,67985.44694,36,1,-,e,A1Pi,196,-1,0.0,-1.0,u,4.65308,0.15
948,68115.268668,36,1,-,e,A1Pi,197,-1,0.0,-1.0,u,4.65289,0.15
949,68245.751276,36,1,-,e,A1Pi,198,-1,0.0,-1.0,u,4.65268,0.15
950,68376.894126,36,1,-,e,A1Pi,199,-1,0.0,-1.0,u,4.65247,0.15
951,68508.696597,36,1,-,e,A1Pi,200,-1,0.0,-1.0,u,4.65224,0.15
952,68641.158079,36,1,-,e,A1Pi,201,-1,0.0,-1.0,u,4.65201,0.15
953,68774.277979,36,1,-,e,A1Pi,202,-1,0.0,-1.0,u,4.65177,0.15
954,68908.055714,36,1,-,e,A1Pi,203,-1,0.0,-1.0,u,4.65152,0.15
955,69042.490717,36,1,-,e,A1Pi,204,-1,0.0,-1.0,u,4.65127,0.15
956,69177.582428,36,1,-,e,A1Pi,205,-1,0.0,-1.0,u,4.651,0.15
957,69313.330304,36,1,-,e,A1Pi,206,-1,0.0,-1.0,u,4.65073,0.15
958,69449.733809,36,1,-,e,A1Pi,207,-1,0.0,-1.0,u,4.65046,0.15
959,69586.792421,36,1,-,e,A1Pi,208,-1,0.0,-1.0,u,4.65017,0.15
960,69724.505627,36,1,-,e,A1Pi,209,-1,0.0,-1.0,u,4.64988,0.15
961,69862.872923,36,1,-,e,A1Pi,210,-1,0.0,-1.0,u,4.64959,0.15
