J,parity,v,observed_cm,calculated_cm,flag,mean_r,tail_probability,binding_cm
1.0,+,0,43950.2994,43950.357546,b,1.65427,8.7e-30,11213.519536060834
1.0,-,0,43950.3094,43950.357714,b,1.65427,1.1e-29,11213.519368060835
1.0,+,1,44742.1894,44742.126214,b,1.66594,1.6e-30,10421.75086806083
1.0,-,1,44742.1394,44742.12638,b,1.66594,3.2e-30,10421.750702060832
1.0,+,2,45521.3694,45521.499405,b,1.67786,2.4e-30,9642.377677060831
1.0,-,2,45521.4694,45521.499569,b,1.67786,6.1e-30,9642.377513060834
1.0,+,4,47041.8194,47041.812894,b,1.70271,5e-30,8122.064188060831
1.0,-,4,47041.8094,47041.813052,b,1.70271,1e-29,8122.064030060836
2.0,-,0,43952.5494,43952.572336,b,1.65428,8.1e-30,11211.304746060836
2.0,+,0,43952.5394,43952.572841,b,1.65428,7.8e-30,11211.304241060832
2.0,-,1,44744.3494,44744.319195,b,1.66595,1.7e-30,10419.557887060837
2.0,+,1,44744.3594,44744.319692,b,1.66595,4e-30,10419.557390060836
2.0,-,2,45523.6394,45523.670385,b,1.67787,2.8e-30,9640.206697060836
2.0,+,2,45523.6594,45523.670875,b,1.67787,5.7e-30,9640.20620706083
2.0,-,3,46290.2794,46290.317317,b,1.69012,3.8e-30,8873.559765060832
2.0,+,3,46290.2894,46290.317799,b,1.69012,8e-30,8873.559283060837
2.0,-,4,47043.9394,47043.9388,b,1.70272,5.4e-30,8119.93828206083
2.0,+,4,47043.9594,47043.939275,b,1.70272,1e-29,8119.937807060836
2.0,-,5,47784.2594,47784.23637,b,1.71573,8.2e-30,7379.640712060835
2.0,-,6,48511.2194,48510.961269,b,1.72914,2.6e-29,6652.915813060834
3.0,+,0,43955.8394,43955.894457,b,1.6543,9.1e-30,11207.982625060831
3.0,-,0,43955.8494,43955.895466,b,1.6543,1.5e-29,11207.981616060832
3.0,+,1,44747.6394,44747.608601,b,1.66597,1.8e-30,10416.268481060833
3.0,-,1,44747.6594,44747.609596,b,1.66597,3.7e-30,10416.267486060831
3.0,+,2,45526.9294,45526.92679,b,1.6779,2.7e-30,9636.950292060836
3.0,-,2,45526.9094,45526.92777,b,1.6779,7.5e-30,9636.949312060831
3.0,+,3,46293.4994,46293.540226,b,1.69014,3.6e-30,8870.336856060836
3.0,-,3,46293.5194,46293.541192,b,1.69014,8.2e-30,8870.335890060836
3.0,+,4,47047.1494,47047.127593,b,1.70275,6.1e-30,8116.749489060836
3.0,-,4,47047.1694,47047.128544,b,1.70275,1.5e-29,8116.748538060834
3.0,+,5,47787.4394,47787.390365,b,1.71575,1.6e-29,7376.486717060834
3.0,-,5,47787.4194,47787.3913,b,1.71575,2.2e-29,7376.48578206083
3.0,-,6,48513.9294,48514.080704,b,1.72917,1.3e-28,6649.796378060833
4.0,-,0,43960.2794,43960.323831,b,1.65432,1e-29,11203.553251060832
4.0,+,0,43960.2794,43960.325512,b,1.65432,1.4e-29,11203.55157006083
4.0,-,1,44752.0094,44751.994356,b,1.666,1.9e-30,10411.88272606083
4.0,+,1,44751.9994,44751.996013,b,1.666,3.4e-30,10411.88106906083
4.0,-,2,45531.2594,45531.268541,b,1.67792,3.1e-30,9632.608541060836
4.0,+,2,45531.2594,45531.270175,b,1.67792,4.7e-30,9632.606907060836
4.0,-,3,46297.8194,46297.837315,b,1.69017,5e-30,8866.039767060836
4.0,+,3,46297.7994,46297.838925,b,1.69017,8.6e-30,8866.038157060837
4.0,-,4,47051.4094,47051.379192,b,1.70278,7.9e-30,8112.497890060833
4.0,+,4,47051.3794,47051.380777,b,1.70278,1.2e-29,8112.496305060835
4.0,-,5,47791.6394,47791.595566,b,1.71578,3.6e-29,7372.28151606083
4.0,+,5,47791.6294,47791.597125,b,1.71578,4.6e-29,7372.279957060833
4.0,-,6,48518.4694,48518.237677,b,1.7292,3.9e-28,6645.639405060836
4.0,+,6,48518.1494,48518.239209,b,1.7292,3.8e-28,6645.637873060834
5.0,+,0,43965.8094,43965.860357,b,1.65435,1.1e-29,11198.016725060836
5.0,-,0,43965.8094,43965.862878,b,1.65435,1.5e-29,11198.014204060833
5.0,+,1,44757.4794,44757.476355,b,1.66603,2.5e-30,10406.400727060834
5.0,-,1,44757.4894,44757.478841,b,1.66603,5.2e-30,10406.398241060837
5.0,+,2,45536.6994,45536.695534,b,1.67796,3.8e-30,9627.181548060835
5.0,-,2,45536.6994,45536.697985,b,1.67796,6.5e-30,9627.179097060834
5.0,+,3,46303.1694,46303.208479,b,1.6902,4.6e-30,8860.668603060833
5.0,-,3,46303.1694,46303.210893,b,1.6902,6.8e-30,8860.66618906083
5.0,+,4,47056.6894,47056.693491,b,1.70281,1.3e-29,8107.183591060835
5.0,-,4,47056.7294,47056.695868,b,1.70281,1.4e-29,8107.181214060831
5.0,+,5,47796.8694,47796.851865,b,1.71582,9.1e-29,7367.025217060836
5.0,-,5,47796.8594,47796.854203,b,1.71582,8.3e-29,7367.022879060831
5.0,+,6,48523.6794,48523.434838,b,1.72924,9e-28,6640.442244060832
5.0,-,6,48523.3994,48523.437136,b,1.72924,8.8e-28,6640.439946060833
6.0,-,0,43972.4594,43972.503905,b,1.65439,1e-29,11191.373177060836
6.0,+,0,43972.4694,43972.507435,b,1.65439,1.2e-29,11191.369647060834
6.0,-,1,44764.0794,44764.05447,b,1.66607,1.8e-30,10399.82261206083
6.0,+,1,44764.0794,44764.05795,b,1.66607,5.3e-30,10399.819132060831
6.0,-,2,45543.2094,45543.207639,b,1.678,3.4e-30,9620.669443060833
6.0,+,2,45543.2194,45543.211069,b,1.678,7.3e-30,9620.666013060836
6.0,-,3,46309.6294,46309.653586,b,1.69024,5.2e-30,8854.223496060833
6.0,+,3,46309.5894,46309.656965,b,1.69024,9.5e-30,8854.220117060831
6.0,-,4,47063.1094,47063.070357,b,1.70285,1.7e-29,8100.8067250608365
6.0,+,4,47063.0694,47063.073683,b,1.70285,2.1e-29,8100.803399060831
6.0,-,5,47803.1494,47803.159126,b,1.71586,1.6e-28,7360.717956060835
6.0,+,5,47803.1594,47803.162398,b,1.71586,1.6e-28,7360.714684060833
6.0,-,6,48529.9694,48529.67113,b,1.72928,1.8e-27,6634.205952060831
6.0,+,6,48529.6294,48529.674347,b,1.72928,1.7e-27,6634.202735060833
7.0,+,0,43980.2194,43980.254322,b,1.65444,1e-29,11183.622760060833
7.0,-,0,43980.2194,43980.259028,b,1.65444,1e-29,11183.618054060833
7.0,+,1,44771.7694,44771.728545,b,1.66611,2.2e-30,10392.148537060835
7.0,-,1,44771.7694,44771.733184,b,1.66611,3.9e-30,10392.143898060836
7.0,+,2,45550.7794,45550.804699,b,1.67804,4.8e-30,9613.072383060833
7.0,-,2,45550.8394,45550.809272,b,1.67804,8.1e-30,9613.067810060835
7.0,+,3,46317.1194,46317.172477,b,1.69029,5.1e-30,8846.704605060833
7.0,-,3,46317.1494,46317.176982,b,1.69029,6.3e-30,8846.700100060836
7.0,+,4,47070.5294,47070.509628,b,1.70291,2.5e-29,8093.367454060834
7.0,-,4,47010.5494,47070.514063,b,1.70291,3e-29,8093.363019060831
7.0,+,5,47810.5394,47810.517187,b,1.71592,2.9e-28,7353.359895060836
7.0,-,5,47810.5694,47810.52155,b,1.71592,2.8e-28,7353.355532060836
7.0,+,6,48537.2194,48536.94639,b,1.72934,3.2e-27,6626.930692060836
8.0,-,0,43989.0594,43989.111428,b,1.65449,1.1e-29,11174.765654060837
8.0,+,0,43984.0694,43989.117477,b,1.65449,1.4e-29,11174.759605060834
8.0,-,1,44780.5194,44780.498399,b,1.66617,1.9e-30,10383.378683060837
8.0,+,1,44780.5194,44780.504363,b,1.66617,5.1e-30,10383.372719060833
8.0,-,2,45559.5094,45559.486531,b,1.6781,3.5e-30,9604.390551060831
8.0,+,2,45559.4794,45559.492409,b,1.6781,5.1e-30,9604.384673060835
8.0,-,3,46325.7394,46325.764968,b,1.69035,5.9e-30,8838.11211406083
8.0,+,3,46325.6894,46325.770759,b,1.69035,8.5e-30,8838.106323060834
8.0,-,4,47079.0594,47079.011119,b,1.70296,3.8e-29,8084.865963060831
8.0,+,4,47079.0094,47079.01682,b,1.70296,4e-29,8084.860262060836
8.0,-,5,47818.9394,47818.925861,b,1.71598,4.9e-28,7344.95122106083
8.0,+,5,47818.9094,47818.931469,b,1.71598,4.7e-28,7344.9456130608305
8.0,-,6,48545.5994,48545.260425,b,1.7294,5.5e-27,6618.616657060833
8.0,+,6,48545.1894,48545.265939,b,1.7294,5.3e-27,6618.611143060836
9.0,+,0,43999.0294,43999.075018,b,1.65455,1.2e-29,11164.80206406083
9.0,-,0,43999.0394,43999.082578,b,1.65455,1.3e-29,11164.794504060832
9.0,+,1,44790.3994,44790.363826,b,1.66623,2.3e-30,10373.513256060833
9.0,-,1,44790.3994,44790.371279,b,1.66623,6e-30,10373.505803060834
9.0,+,2,45569.2794,45569.252927,b,1.67816,3.3e-30,9594.624155060832
9.0,-,2,45569.2594,45569.260273,b,1.67816,7e-30,9594.616809060833
9.0,+,3,46335.3794,46335.430848,b,1.69041,8.7e-30,8828.44623406083
9.0,-,3,46335.3994,46335.438085,b,1.69041,1.2e-29,8828.438997060832
9.0,+,4,47088.5794,47088.574616,b,1.70303,5.8e-29,8075.302466060835
9.0,-,4,47088.6294,47088.58174,b,1.70303,6.2e-29,8075.295342060832
9.0,+,5,47828.3794,47828.384929,b,1.71604,7.6e-28,7335.4921530608335
9.0,-,5,47828.4194,47828.391938,b,1.71604,7.3e-28,7335.485144060833
9.0,+,6,48554.8894,48554.613018,b,1.72947,8.5e-27,6609.264064060837
9.0,-,6,48554.5694,48554.619908,b,1.72947,8.3e-27,6609.257174060833
10.0,-,0,44010.1194,44010.14486,b,1.65461,1.2e-29,11153.732222060833
10.0,+,0,44010.1194,44010.154098,b,1.65461,1.3e-29,11153.722984060834
10.0,-,1,44801.3494,44801.324592,b,1.66629,2.3e-30,10362.552490060836
10.0,+,1,44801.3594,44801.3337,b,1.66629,3.6e-30,10362.54338206083
10.0,-,2,45580.0794,45580.103651,b,1.67823,3.9e-30,9583.773431060836
10.0,+,2,45580.0994,45580.112628,b,1.67823,8.5e-30,9583.76445406083
10.0,-,3,46346.1294,46346.169879,b,1.69048,1.1e-29,8817.707203060832
10.0,-,4,47099.2294,47099.199878,b,1.7031,8.8e-29,8064.677204060834
10.0,+,4,47099.2194,47099.208584,b,1.7031,8.6e-29,8064.668498060833
10.0,-,5,47838.9094,47838.894149,b,1.71612,1.1e-27,7324.982933060834
10.0,+,5,47838.8994,47838.902713,b,1.71612,1.1e-27,7324.97436906083
10.0,-,6,48565.3594,48565.003922,b,1.72955,1.3e-26,6598.87316006083
10.0,+,6,48564.9594,48565.012341,b,1.72955,1.2e-26,6598.864741060832
11.0,+,0,44022.2994,44022.320699,b,1.65468,1.2e-29,11141.55638306083
11.0,-,0,44022.2894,44022.331781,b,1.65468,1.6e-29,11141.545301060833
11.0,+,1,44813.3894,44813.38044,b,1.66636,2.3e-30,10350.496642060833
11.0,-,1,44813.3994,44813.391367,b,1.66636,3.6e-30,10350.485715060837
11.0,-,2,45592.0294,45592.049213,b,1.6783,8.6e-30,9571.827869060835
11.0,+,3,46357.9394,46357.981797,b,1.69056,1.3e-29,8805.895285060833
11.0,-,3,46357.1694,46357.992406,b,1.69056,1.6e-29,8805.884676060836
11.0,+,4,47110.8894,47110.886638,b,1.70318,1.1e-28,8052.99044406083
11.0,-,4,47110.9194,47110.897083,b,1.70318,1.2e-28,8052.97999906083
11.0,+,5,47850.4694,47850.453251,b,1.7162,1.6e-27,7313.423831060834
11.0,-,5,47850.4694,47850.463525,b,1.7162,1.5e-27,7313.413557060834
11.0,+,6,48576.7794,48576.432862,b,1.72963,1.8e-26,6587.444220060832
11.0,-,6,48576.3694,48576.442963,b,1.72963,1.7e-26,6587.434119060832
12.0,-,0,44035.5694,44035.60225,b,1.65476,1.1e-29,11128.27483206083
12.0,+,0,44035.5794,44035.615345,b,1.65476,1.3e-29,11128.261737060835
12.0,-,1,44826.5494,44826.531084,b,1.66644,2.9e-30,10337.345998060831
12.0,+,1,44826.5694,44826.543994,b,1.66644,4.8e-30,10337.333088060834
12.0,-,2,45605.0594,45605.057016,b,1.67838,4e-30,9558.820066060835
12.0,+,2,45605.0694,45605.06974,b,1.67838,7.6e-30,9558.807342060834
12.0,-,3,46370.8494,46370.866313,b,1.69064,1.4e-29,8793.010769060835
12.0,+,3,46370.8494,46370.878848,b,1.69064,1.9e-29,8792.998234060833
12.0,-,4,47123.6494,47123.634604,b,1.70327,1.5e-28,8040.242478060834
12.0,+,4,47123.6594,47123.646944,b,1.70327,1.6e-28,8040.230138060833
12.0,-,5,47863.0994,47863.061937,b,1.71629,2.2e-27,7300.815145060835
12.0,+,5,47863.0794,47863.074076,b,1.71629,2.1e-27,7300.803006060836
12.0,-,6,48589.3194,48588.899539,b,1.72973,2.5e-26,6574.977543060835
12.0,+,6,48588.8694,48588.911473,b,1.72973,2.4e-26,6574.965609060833
13.0,+,0,44049.9594,44049.989207,b,1.65484,1.1e-29,11113.887875060835
13.0,-,0,44049.9794,44050.00448,b,1.65484,1.3e-29,11113.87260206083
13.0,+,1,44840.8094,44840.776214,b,1.66653,3.4e-30,10323.100868060836
13.0,-,1,44840.8094,44840.791272,b,1.66653,3.9e-30,10323.085810060831
13.0,+,2,45619.1594,45619.159056,b,1.67847,4.1e-30,9544.718026060837
13.0,-,2,45619.1594,45619.173897,b,1.67847,6.8e-30,9544.703185060833
13.0,+,3,46384.7794,46384.823109,b,1.69073,1.5e-29,8779.053973060836
13.0,-,3,46384.7994,46384.837728,b,1.69073,1.9e-29,8779.039354060835
13.0,+,4,47137.4394,47137.443454,b,1.70336,2.3e-28,8026.433628060833
13.0,-,4,47137.4694,47137.457846,b,1.70336,2.1e-28,8026.419236060836
13.0,+,5,47876.7394,47876.719883,b,1.71639,2.9e-27,7287.157199060835
13.0,-,5,47876.7194,47876.734041,b,1.71639,2.8e-27,7287.14304106083
13.0,+,6,48602.9194,48602.403624,b,1.72983,3.3e-26,6561.473458060835
13.0,-,6,48602.3494,48602.417542,b,1.72983,3.2e-26,6561.4595400608305
14.0,-,0,44065.4594,44065.481236,b,1.65493,1.1e-29,11098.395846060834
14.0,+,0,44065.4794,44065.498852,b,1.65493,1.4e-29,11098.378230060836
14.0,-,1,44856.1594,44856.115494,b,1.66662,2.7e-30,10307.761588060835
14.0,+,1,44856.1694,44856.132863,b,1.66662,7.1e-30,10307.744219060834
14.0,-,2,45646.1294,45634.344224,b,1.67857,4.5e-30,9529.532858060833
14.0,+,2,45634.3694,45634.361342,b,1.67857,8.3e-30,9529.515740060837
14.0,-,3,46399.7294,46399.851843,b,1.69083,2.7e-29,8764.025239060837
14.0,+,3,46399.8294,46399.868706,b,1.69083,2.5e-29,8764.008376060832
14.0,-,4,47152.3294,47152.31284,b,1.70346,2.8e-28,8011.564242060835
14.0,+,4,47152.3594,47152.329441,b,1.70346,2.8e-28,8011.547641060832
14.0,-,5,47891.4594,47891.426737,b,1.71649,3.8e-27,7272.450345060832
14.0,+,5,47891.4194,47891.443067,b,1.71649,3.7e-27,7272.434015060833
14.0,-,6,48617.4594,48616.944761,b,1.72994,4.3e-26,6546.9323210608345
14.0,-,6,48616.9194,48616.944761,b,1.72994,4.3e-26,6546.9323210608345
15.0,+,0,44082.0594,44082.077976,b,1.65503,1.1e-29,11081.799106060833
15.0,-,0,44082.0794,44082.098102,b,1.65503,1.3e-29,11081.77898006083
15.0,+,1,44872.5994,44872.548562,b,1.66672,3.1e-30,10291.32852006083
15.0,-,1,44872.5994,44872.568406,b,1.66672,5.1e-30,10291.308676060835
15.0,+,2,45650.6094,45650.612154,b,1.67867,4.8e-30,9513.264928060831
15.0,-,2,45650.6294,45650.631711,b,1.67867,6.1e-30,9513.245371060832
15.0,+,3,46415.9094,46415.952144,b,1.69094,2.6e-29,8747.92493806083
15.0,-,3,46415.9594,46415.971409,b,1.69094,3.1e-29,8747.905673060835
15.0,+,4,47168.2694,47168.24239,b,1.70357,3.6e-28,7995.634692060834
15.0,-,4,47168.2994,47168.261356,b,1.70357,3.5e-28,7995.615726060831
15.0,+,5,47907.2094,47907.18212,b,1.7166,4.8e-27,7256.694962060836
15.0,-,5,47907.1494,47907.200777,b,1.71661,4.7e-27,7256.676305060835
15.0,+,6,48633.1294,48632.522566,b,1.73005,5.5e-26,6531.354516060834
15.0,-,6,48632.4994,48632.540906,b,1.73005,5.3e-26,6531.336176060831
16.0,-,0,44099.7594,44099.779043,b,1.65513,1.1e-29,11064.098039060831
16.0,+,0,44099.7694,44099.801845,b,1.65513,1.5e-29,11064.075237060832
16.0,-,1,44890.0994,44890.07503,b,1.66683,2.5e-30,10273.802052060833
16.0,+,1,44890.1594,44890.097511,b,1.66683,5.7e-30,10273.779571060833
16.0,-,2,45667.9494,45667.962454,b,1.67878,5e-30,9495.914628060833
16.0,+,2,45667.9894,45667.984611,b,1.67878,5.9e-30,9495.892471060833
16.0,-,3,46433.1294,46433.123617,b,1.69105,3.4e-29,8730.753465060836
16.0,+,3,46433.1294,46433.145443,b,1.69105,3.7e-29,8730.731639060832
16.0,-,4,47185.2594,47185.231702,b,1.70369,4.4e-28,7978.645380060836
16.0,+,4,47185.2894,47185.253188,b,1.70369,4.4e-28,7978.623894060831
16.0,-,5,47924.0394,47923.985627,b,1.71672,6.1e-27,7239.8914550608315
16.0,+,5,47923.7994,47924.006764,b,1.71673,5.8e-27,7239.870318060835
16.0,-,6,48649.8594,48649.136628,b,1.73018,6.9e-26,6514.740454060833
16.0,+,6,48649.1294,48649.157406,b,1.73018,6.6e-26,6514.719676060835
17.0,+,0,44118.5594,44118.584026,b,1.65524,1.1e-29,11045.293056060837
17.0,-,0,44118.5794,44118.609668,b,1.65524,1.1e-29,11045.267414060836
17.0,+,1,44908.7294,44908.694483,b,1.66694,2.5e-30,10255.182599060834
17.0,-,1,44908.7294,44908.719764,b,1.66694,7.1e-30,10255.157318060832
17.0,+,2,45686.3894,45686.394707,b,1.67889,6.1e-30,9477.482375060834
17.0,-,2,45686.4494,45686.419624,b,1.67889,8.7e-30,9477.457458060831
17.0,+,3,46451.3294,46451.365839,b,1.69117,3.6e-29,8712.511243060835
17.0,-,3,46451.3794,46451.390383,b,1.69117,4.2e-29,8712.486699060835
17.0,+,4,47203.3094,47203.280348,b,1.70381,5.6e-28,7960.596734060833
17.0,-,4,47203.3294,47203.304511,b,1.70381,5.4e-28,7960.572571060831
17.0,+,5,47941.8594,47941.836825,b,1.71685,7.5e-27,7222.040257060835
17.0,-,5,47941.99,47941.860594,b,1.71685,7.2e-27,7222.016488060835
17.0,+,6,48667.5794,48666.78651,b,1.73031,8.4e-26,6497.090572060835
17.0,-,6,48666.7794,48666.809876,b,1.73031,8.1e-26,6497.067206060834
18.0,-,0,44138.4694,44138.492487,b,1.65535,1.3e-29,11025.38459506083
18.0,+,0,44138.4994,44138.521134,b,1.65536,1.8e-29,11025.355948060831
18.0,-,1,44928.4394,44928.406481,b,1.66706,3e-30,10235.470601060835
18.0,+,1,44928.4694,44928.434726,b,1.66706,4.4e-30,10235.442356060834
18.0,-,2,45705.9094,45705.908468,b,1.67901,5.7e-30,9457.968614060832
18.0,+,2,45705.9594,45705.936305,b,1.67902,8.9e-30,9457.94077706083
18.0,-,3,46470.6694,46470.678361,b,1.69129,4.4e-29,8693.198721060835
18.0,+,3,46470.6794,46470.705782,b,1.69129,4.9e-29,8693.171300060836
18.0,-,4,47222.4194,47222.387875,b,1.70394,6.6e-28,7941.489207060833
18.0,+,4,47222.4494,47222.414869,b,1.70394,6.5e-28,7941.462213060833
18.0,-,5,47960.7894,47960.735253,b,1.71699,9e-27,7203.141829060834
18.0,+,5,47960.78,47960.761807,b,1.71699,8.7e-27,7203.115275060831
18.0,-,6,48686.4094,48685.471745,b,1.73045,1e-25,6478.405337060831
18.0,+,6,48685.4594,48685.497848,b,1.73045,9.8e-26,6478.379234060834
19.0,+,0,44159.4994,44159.503964,b,1.65548,1.2e-29,11004.37311806083
19.0,-,0,44159.5194,44159.535782,b,1.65548,1.8e-29,11004.341300060834
19.0,+,1,44949.2594,44949.210559,b,1.66718,3.2e-30,10214.666523060834
19.0,-,1,44949.2794,44949.241928,b,1.66718,5.9e-30,10214.63515406083
19.0,+,2,45726.5094,45726.503267,b,1.67914,6e-30,9437.373815060833
19.0,-,2,45726.5394,45726.534184,b,1.67914,7.2e-30,9437.342898060837
19.0,+,3,46491.0294,46491.060707,b,1.69143,5.2e-29,8672.816375060836
19.0,-,3,46491.0694,46491.091162,b,1.69143,5.4e-29,8672.785920060836
19.0,+,4,47242.5694,47242.5538,b,1.70408,7.6e-28,7921.323282060832
19.0,-,4,47242.6194,47242.58378,b,1.70408,7.8e-28,7921.2933020608325
19.0,+,5,47980.7094,47980.680424,b,1.71713,1.1e-26,7183.196658060835
19.0,-,5,47980.71,47980.709915,b,1.71713,1e-26,7183.167167060834
19.0,+,6,48706.2494,48705.19184,b,1.7306,1.2e-25,6458.685242060834
19.0,-,6,48705.2194,48705.22083,b,1.7306,1.2e-25,6458.656252060835
20.0,-,0,44181.6194,44181.61797,b,1.65561,1.2e-29,10982.259112060834
20.0,+,0,44181.6394,44181.653121,b,1.65561,1.6e-29,10982.22396106083
20.0,-,1,44971.1594,44971.106225,b,1.66731,2.5e-30,10192.77085706083
20.0,+,1,44971.1694,44971.140881,b,1.66731,8.4e-30,10192.736201060834
20.0,-,2,45748.1894,45748.178608,b,1.67928,6.8e-30,9415.698474060831
20.0,+,2,45748.2194,45748.212763,b,1.67928,1.1e-29,9415.66431906083
20.0,-,3,46512.4994,46512.512376,b,1.69157,7e-29,8651.364706060835
20.0,+,3,46512.5494,46512.546021,b,1.69157,6.4e-29,8651.331061060831
20.0,-,4,47263.7994,47263.777616,b,1.70422,9e-28,7900.099466060834
20.0,+,4,47263.8394,47263.810736,b,1.70423,9.1e-28,7900.066346060834
20.0,-,5,48001.7294,48001.671823,b,1.71728,1.3e-26,7162.205259060836
20.0,+,5,48001.69,48001.704404,b,1.71728,1.2e-26,7162.172678060837
20.0,-,6,48725.3994,48725.946273,b,1.73075,1.4e-25,6437.930809060832
20.0,+,6,48725.9694,48725.9783,b,1.73075,1.4e-25,6437.898782060831
21.0,+,0,44204.8294,44204.83399,b,1.65574,1.3e-29,10959.043092060834
21.0,-,0,44204.8394,44204.872638,b,1.65574,1.5e-29,10959.004444060833
21.0,+,1,44994.1294,44994.09296,b,1.66745,2.5e-30,10169.784122060832
21.0,-,1,44994.1594,44994.131064,b,1.66745,4.5e-30,10169.746018060832
21.0,+,2,45770.9194,45770.933967,b,1.67942,6.7e-30,9392.943115060836
21.0,-,2,45770.9694,45770.97152,b,1.67942,1.1e-29,9392.905562060834
21.0,+,3,46535.0094,46535.032839,b,1.69172,7.1e-29,8628.844243060834
21.0,-,3,46535.0694,46535.06983,b,1.69172,7.3e-29,8628.807252060833
21.0,+,4,47286.0694,47286.058787,b,1.70438,1.1e-27,7877.818295060832
21.0,-,4,47286.1394,47286.095201,b,1.70438,1.1e-27,7877.781881060837
21.0,+,5,48023.7494,48023.708909,b,1.71744,1.5e-26,7140.1681730608325
21.0,-,5,48023.71,48023.74473,b,1.71744,1.4e-26,7140.132352060835
21.0,+,6,48747.2294,48747.734497,b,1.73092,1.7e-25,6416.142585060836
21.0,-,6,48747.7794,48747.769708,b,1.73092,1.6e-25,6416.1073740608335
22.0,-,0,44229.1494,44229.151484,b,1.65588,1.3e-29,10934.725598060832
22.0,+,0,44229.1694,44229.193791,b,1.65588,1.6e-29,10934.683291060835
22.0,-,1,45018.2094,45018.170221,b,1.6676,3.2e-30,10145.706861060833
22.0,+,1,45018.2294,45018.211933,b,1.6676,8.3e-30,10145.665149060835
22.0,-,2,45794.7694,45794.768796,b,1.67957,1.1e-29,9369.108286060837
22.0,+,2,45794.7994,45794.809905,b,1.67957,1.1e-29,9369.067177060831
22.0,-,3,46558.6194,46558.621541,b,1.69187,8.2e-29,8605.255541060833
22.0,+,3,46558.6294,46558.662034,b,1.69187,8.4e-29,8605.215048060832
22.0,-,4,47309.4194,47309.396751,b,1.70454,1.2e-27,7854.480331060833
22.0,+,4,47309.4394,47309.436612,b,1.70454,1.2e-27,7854.440470060836
22.0,-,5,48046.8194,48046.791112,b,1.7176,1.7e-26,7117.085970060834
22.0,+,5,48070.9,48046.830324,b,1.71761,1.6e-26,7117.046758060831
22.0,-,6,48770.1094,48770.555933,b,1.73109,1.9e-25,6393.32114906083
22.0,+,6,48770.5494,48770.594478,b,1.73109,1.8e-25,6393.282604060834
23.0,+,0,44254.5594,44254.569886,b,1.65603,1.2e-29,10909.307196060836
23.0,-,0,44254.6094,44254.616017,b,1.65603,1.5e-29,10909.261065060833
23.0,+,1,45043.3994,45043.337439,b,1.66775,2.8e-30,10120.53964306083
23.0,-,1,45043.4094,45043.382919,b,1.66775,6.3e-30,10120.49416306083
23.0,+,2,45819.6794,45819.682519,b,1.67973,8.8e-30,9344.194563060832
23.0,-,2,45819.7194,45819.727342,b,1.67973,9.6e-30,9344.149740060835
23.0,+,3,46583.2494,46583.277899,b,1.69203,8.9e-29,8580.599183060833
23.0,-,3,46583.2894,46583.32205,b,1.69203,9.2e-29,8580.55503206083
23.0,+,4,47333.7894,47333.79092,b,1.7047,1.3e-27,7830.086162060834
23.0,-,4,47333.8494,47333.834381,b,1.7047,1.4e-27,7830.042701060833
23.0,+,5,48070.9394,48070.917836,b,1.71778,1.9e-26,7092.959246060833
23.0,-,5,48070.9,48070.960589,b,1.71778,1.9e-26,7092.916493060831
23.0,+,6,48794.0194,48794.40998,b,1.73127,2.2e-25,6369.467102060837
23.0,-,6,48794.4194,48794.452005,b,1.73127,2.1e-25,6369.425077060834
24.0,-,0,44281.0794,44281.088606,b,1.65618,1.2e-29,10882.788476060836
24.0,+,0,44281.1194,44281.138721,b,1.65618,1.7e-29,10882.73836106083
24.0,-,1,45069.6494,45069.594017,b,1.66791,2.5e-30,10094.28306506083
24.0,+,1,45069.6594,45069.643425,b,1.66791,6e-30,10094.233657060831
24.0,-,2,45845.6694,45845.674535,b,1.67989,8.8e-30,9318.202547060835
24.0,+,2,45845.7094,45845.723229,b,1.67989,1e-29,9318.15385306083
24.0,-,3,46608.9494,46609.001306,b,1.6922,8.9e-29,8554.875776060835
24.0,+,3,46609.0294,46609.04927,b,1.6922,1.1e-28,8554.82781206083
24.0,-,4,47359.2494,47359.240677,b,1.70488,1.6e-27,7804.636405060832
24.0,+,4,47359.2794,47359.287891,b,1.70488,1.6e-27,7804.589191060833
24.0,-,5,48096.1294,48096.088457,b,1.71796,2.2e-26,7067.788625060835
24.0,+,5,48096.08,48096.134901,b,1.71796,2.1e-26,7067.742181060836
24.0,-,6,48818.9294,48819.296004,b,1.73145,2.5e-25,6344.58107806083
24.0,+,6,48819.3094,48819.341657,b,1.73145,2.4e-25,6344.535425060836
25.0,+,0,44308.6994,44308.707025,b,1.65634,1.3e-29,10855.17005706083
25.0,-,0,44308.7294,44308.761286,b,1.65635,1.7e-29,10855.115796060833
25.0,+,1,45096.9994,45096.939333,b,1.66807,3.4e-30,10066.937749060831
25.0,-,1,45097.0194,45096.992829,b,1.66807,5.2e-30,10066.88425306083
25.0,+,2,45872.7494,45872.744216,b,1.68006,8.5e-30,9291.132866060834
25.0,-,2,45872.7894,45872.796938,b,1.68006,1.2e-29,9291.080144060834
25.0,+,3,46635.7694,46635.791126,b,1.69238,1.1e-28,8528.085956060837
25.0,-,3,46635.8194,46635.843057,b,1.69238,1.2e-28,8528.034025060835
25.0,+,4,47385.7494,47385.74538,b,1.70506,1.8e-27,7778.131702060833
25.0,-,4,47385.8094,47385.796499,b,1.70506,1.7e-27,7778.080583060837
25.0,+,5,48122.3294,48122.302323,b,1.71815,2.4e-26,7041.57475906083
25.0,-,5,48122.3,48122.352607,b,1.71815,2.3e-26,7041.524475060833
25.0,+,6,48844.9094,48845.213347,b,1.73165,2.8e-25,6318.663735060836
25.0,-,6,48845.2494,48845.262774,b,1.73165,2.7e-25,6318.614308060831
26.0,-,0,44337.4194,44337.424501,b,1.65651,1.3e-29,10826.452581060832
26.0,+,0,44337.4594,44337.48307,b,1.65651,1.5e-29,10826.394012060831
26.0,-,1,45125.4194,45125.37274,b,1.66825,3.9e-30,10038.504342060834
26.0,+,1,45125.4594,45125.430482,b,1.66825,6.3e-30,10038.44660006083
26.0,-,2,45900.8894,45900.890907,b,1.68024,1e-29,9262.986175060832
26.0,+,2,45900.9194,45900.947813,b,1.68024,1.2e-29,9262.929269060834
26.0,-,3,46663.6394,46663.646698,b,1.69256,1.2e-28,8500.230384060837
26.0,+,3,46663.6694,46663.70275,b,1.69256,1.2e-28,8500.174332060837
26.0,-,4,47413.3194,47413.304358,b,1.70525,1.9e-27,7750.572724060832
26.0,+,4,47413.3694,47413.359533,b,1.70525,1.9e-27,7750.517549060831
26.0,-,5,48149.5894,48149.558757,b,1.71834,2.7e-26,7014.3183250608345
26.0,+,5,48149.58,48149.61303,b,1.71834,2.6e-26,7014.264052060833
26.0,-,6,48871.8494,48872.161321,b,1.73185,3e-25,6291.715761060834
26.0,+,6,48872.1794,48872.214668,b,1.73185,2.9e-25,6291.662414060833
27.0,+,0,44367.2394,44367.240366,b,1.65669,1.4e-29,10796.636716060835
27.0,-,0,44367.2894,44367.303402,b,1.65669,1.7e-29,10796.573680060836
27.0,+,1,45154.9394,45154.893563,b,1.66842,4e-30,10008.983519060836
27.0,-,1,45154.9794,45154.955709,b,1.66843,6.5e-30,10008.921373060832
27.0,+,2,45930.1094,45930.113929,b,1.68042,9.8e-30,9233.763153060834
27.0,-,2,45930.1694,45930.175174,b,1.68043,1.2e-29,9233.70190806083
27.0,+,3,46692.5594,46692.567333,b,1.69275,1.3e-28,8471.309749060834
27.0,-,3,46692.6294,46692.627659,b,1.69275,1.3e-28,8471.249423060835
27.0,+,4,47441.9294,47441.916915,b,1.70545,2.1e-27,7721.960167060832
27.0,-,4,47441.9994,47441.976297,b,1.70545,2.1e-27,7721.900785060832
27.0,+,5,48177.8894,48177.857052,b,1.71855,2.9e-26,6986.020030060834
27.0,-,5,48177.88,48177.915462,b,1.71855,2.8e-26,6985.961620060836
27.0,+,6,48899.8894,48900.139211,b,1.73206,3.3e-25,6263.737871060832
27.0,-,6,48900.1794,48900.196624,b,1.73206,3.2e-25,6263.680458060837
28.0,-,0,44398.1594,44398.153923,b,1.65687,1.4e-29,10765.723159060835
28.0,+,0,44398.1994,44398.221586,b,1.65687,1.9e-29,10765.655496060834
28.0,-,1,45185.5494,45185.501103,b,1.66861,3.1e-30,9978.375979060831
28.0,-,1,45185.5894,45185.501103,b,1.66861,3.1e-30,9978.375979060831
28.0,-,2,45960.4194,45960.412573,b,1.68062,8.8e-30,9203.464509060832
28.0,+,2,45960.4594,45960.478314,b,1.68062,1.6e-29,9203.398768060833
28.0,-,3,46722.5194,46722.552317,b,1.69295,1.5e-28,8441.324765060832
28.0,+,3,46722.5794,46722.61707,b,1.69295,1.4e-28,8441.260012060833
28.0,-,4,47471.5894,47471.582327,b,1.70565,2.3e-27,7692.294755060837
28.0,+,4,47471.6794,47471.646065,b,1.70565,2.3e-27,7692.2310170608325
28.0,-,5,48207.2294,48207.196474,b,1.71876,3.2e-26,6956.680608060837
28.0,+,5,48207.22,48207.259169,b,1.71876,3.1e-26,6956.617913060836
28.0,-,6,48928.8694,48929.146273,b,1.73228,3.7e-25,6234.730809060835
28.0,+,6,48929.1894,48929.207898,b,1.73228,3.5e-25,6234.669184060833
29.0,+,0,44430.1694,44430.164453,b,1.65705,1.3e-29,10733.712629060836
29.0,-,0,44430.2194,44430.236903,b,1.65705,1.8e-29,10733.640179060836
29.0,+,1,45217.2394,45217.194633,b,1.6688,4.2e-30,9946.682449060834
29.0,-,1,45217.2994,45217.266059,b,1.6688,6.2e-30,9946.611023060832
29.0,+,2,45991.1794,45991.786108,b,1.68081,1.2e-29,9172.090974060833
29.0,-,2,45991.8194,45991.856497,b,1.68081,1.6e-29,9172.020585060833
29.0,+,3,46753.5794,46753.600908,b,1.69315,1.3e-28,8410.276174060833
29.0,-,3,46753.6694,46753.670239,b,1.69315,1.6e-28,8410.206843060834
29.0,+,4,47502.3194,47502.299842,b,1.70586,2.5e-27,7661.577240060833
29.0,-,4,47502.3794,47502.368087,b,1.70586,2.5e-27,7661.508995060831
29.0,+,5,48237.6194,48237.576263,b,1.71898,3.5e-26,6926.300819060831
29.0,-,5,48237.58,48237.64339,b,1.71898,3.4e-26,6926.233692060836
29.0,+,6,48958.9394,48959.181739,b,1.73251,4e-25,6204.695343060834
29.0,-,6,48959.2194,48959.247719,b,1.73251,3.8e-25,6204.629363060834
30.0,-,0,44463.2894,44463.27121,b,1.65725,1.4e-29,10700.605872060834
30.0,+,0,44463.3294,44463.348604,b,1.65725,1.9e-29,10700.528478060834
30.0,-,1,45250.0194,45249.973401,b,1.669,3e-30,9913.90368106083
30.0,+,1,45250.0794,45250.049701,b,1.669,6.6e-30,9913.82738106083
30.0,-,2,46024.2194,46024.233772,b,1.68102,1.3e-29,9139.643310060834
30.0,+,2,46024.2794,46024.308965,b,1.68102,1.4e-29,9139.568117060837
30.0,-,3,46785.6894,46785.712337,b,1.69336,1.5e-28,8378.164745060836
30.0,+,3,46785.7794,46785.786398,b,1.69336,1.6e-28,8378.090684060837
30.0,-,4,47534.0794,47534.068683,b,1.70608,2.7e-27,7629.808399060836
30.0,+,4,47534.1594,47534.141582,b,1.70608,2.6e-27,7629.735500060837
30.0,-,5,48269.0394,48268.99563,b,1.7192,3.7e-26,6894.881452060836
30.0,+,5,48269.03,48269.067335,b,1.71921,3.6e-26,6894.809747060834
30.0,-,6,48990.0094,48990.244807,b,1.73274,4.3e-25,6173.632275060831
30.0,+,6,48990.2894,48990.315286,b,1.73275,4.1e-25,6173.561796060836
31.0,+,0,44497.4794,44497.473419,b,1.65745,1.5e-29,10666.403663060832
31.0,-,0,44497.5394,44497.555916,b,1.65745,2.1e-29,10666.321166060836
31.0,+,1,45283.8994,45283.836629,b,1.66921,3.7e-30,9880.040453060836
31.0,-,1,45283.9494,45283.917959,b,1.66921,6.7e-30,9879.959123060835
31.0,+,2,46057.7294,46057.754781,b,1.68123,1.5e-29,9106.12230106083
31.0,-,2,46057.8094,46057.83493,b,1.68123,1.8e-29,9106.042152060836
31.0,+,3,46818.8794,46818.885808,b,1.69358,1.7e-28,8344.991274060834
31.0,-,3,46818.9394,46818.96475,b,1.69358,1.8e-28,8344.912332060834
31.0,+,4,47566.3194,47566.888043,b,1.70631,2.8e-27,7596.989039060834
31.0,-,4,47566.9794,47566.965746,b,1.70631,2.8e-27,7596.911336060832
31.0,+,5,48301.4994,48301.453759,b,1.71944,4e-26,6862.42332306083
31.0,-,5,48301.49,48301.530187,b,1.71944,3.8e-26,6862.346895060837
31.0,+,6,49022.1194,49022.334653,b,1.73299,4.5e-25,6141.542429060835
31.0,-,6,49022.4094,49022.409774,b,1.73299,4.3e-25,6141.467308060834
32.0,-,0,44532.7794,44532.770284,b,1.65765,1.5e-29,10631.106798060835
32.0,+,0,44532.8494,44532.858041,b,1.65765,2.2e-29,10631.019041060834
32.0,-,1,45318.8294,45318.783513,b,1.66942,4.8e-30,9845.093569060831
32.0,+,1,45318.8794,45318.870027,b,1.66942,7.4e-30,9845.007055060836
32.0,-,2,46092.3394,46092.348322,b,1.68145,1.3e-29,9071.528760060835
32.0,+,2,46092.3994,46092.433579,b,1.68145,1.7e-29,9071.443503060837
32.0,-,3,46853.0994,46853.120501,b,1.69381,1.8e-28,8310.756581060836
32.0,+,3,46853.1994,46853.204474,b,1.69381,1.8e-28,8310.672608060835
32.0,-,4,47600.7594,47600.75709,b,1.70654,3e-27,7563.119992060834
32.0,-,4,47600.8594,47600.75709,b,1.70654,3e-27,7563.119992060834
32.0,-,5,48334.9794,48334.949806,b,1.71968,4.2e-26,6828.927276060836
32.0,+,5,48334.99,48335.031103,b,1.71968,4e-26,6828.845979060832
32.0,-,6,49055.2494,49055.45042,b,1.73324,4.8e-25,6108.426662060832
32.0,+,6,49055.5294,49055.530325,b,1.73324,4.6e-25,6108.346757060834
33.0,+,0,44569.1794,44569.16098,b,1.65787,1.5e-29,10594.716102060833
33.0,-,0,44569.2494,44569.254154,b,1.65787,1.7e-29,10594.622928060831
33.0,+,1,45354.8694,45354.813221,b,1.66964,3.3e-30,9809.063861060837
33.0,-,1,45354.9394,45354.905074,b,1.66964,7.4e-30,9808.972008060831
33.0,+,2,46127.9994,46128.013555,b,1.68167,1.2e-29,9035.863527060836
33.0,-,2,46128.0894,46128.104073,b,1.68168,1.8e-29,9035.773009060831
33.0,+,3,46888.3994,46888.415565,b,1.69404,1.9e-28,8275.46151706083
33.0,-,3,46888.4994,46888.504718,b,1.69404,2e-28,8275.372364060837
33.0,+,4,47635.6894,47635.674965,b,1.70678,3.1e-27,7528.202117060835
33.0,-,4,47635.7594,47635.762716,b,1.70678,3.1e-27,7528.114366060836
33.0,+,5,48369.5194,48369.482899,b,1.71993,4.4e-26,6794.394183060831
33.0,-,5,48369.52,48369.569209,b,1.71993,4.3e-26,6794.307873060832
33.0,+,6,49089.4094,49089.591226,b,1.7335,5.1e-25,6074.2858560608365
33.0,-,6,49089.6394,49089.676058,b,1.7335,4.9e-25,6074.201024060836
34.0,-,0,44606.6494,44606.644657,b,1.65808,1.4e-29,10557.232425060836
34.0,+,0,44606.7294,44606.743402,b,1.65809,1.3e-29,10557.133680060833
34.0,-,1,45391.9694,45391.924896,b,1.66986,3.2e-30,9771.952186060837
34.0,+,1,45392.0394,45392.022242,b,1.66987,6.5e-30,9771.854840060834
34.0,-,2,46164.7194,46164.749615,b,1.68191,1.5e-29,8999.127467060833
34.0,+,2,46164.8094,46164.845544,b,1.68191,1.5e-29,8999.03153806083
34.0,-,3,46924.7394,46924.770125,b,1.69428,2e-28,8239.10695706083
34.0,+,3,46924.8394,46924.864607,b,1.69428,2.1e-28,8239.01247506083
34.0,-,4,47671.6194,47671.640779,b,1.70703,3.3e-27,7492.236303060832
34.0,+,4,47671.7294,47671.733774,b,1.70703,3.3e-27,7492.143308060833
34.0,-,5,48405.0794,48405.052141,b,1.72019,4.7e-26,6758.824941060833
34.0,+,5,48405.11,48405.143607,b,1.72019,4.5e-26,6758.733475060835
34.0,-,6,49124.5794,49124.756161,b,1.73377,5.3e-25,6039.120921060836
34.0,+,6,49124.8294,49124.846059,b,1.73377,5.1e-25,6039.03102306083
35.0,+,0,44645.2294,44645.220438,b,1.65831,1.6e-29,10518.656644060837
35.0,-,0,44645.3194,44645.324911,b,1.65831,2e-29,10518.55217106083
35.0,+,1,45430.1694,45430.117657,b,1.6701,3.4e-30,9733.75942506083
35.0,-,1,45430.2494,45430.220647,b,1.6701,6.1e-30,9733.656435060831
35.0,+,2,46202.5394,46202.55561,b,1.68215,1.4e-29,8961.32147206083
35.0,-,2,46202.6394,46202.657101,b,1.68215,1.8e-29,8961.219981060836
35.0,+,3,46962.1594,46962.183279,b,1.69453,2e-28,8201.693803060836
35.0,-,3,46962.2594,46962.283237,b,1.69453,2.2e-28,8201.59384506083
35.0,+,4,47708.6694,47708.653619,b,1.70729,3.4e-27,7455.223463060836
35.0,-,4,47708.6694,47708.752003,b,1.70729,3.4e-27,7455.125079060832
35.0,+,5,48441.6894,48441.656603,b,1.72045,4.8e-26,6722.22047906083
35.0,-,5,48441.69,48441.753368,b,1.72046,4.7e-26,6722.1237140608355
35.0,+,6,49160.7794,49160.944285,b,1.73404,5.6e-25,6002.932797060836
35.0,-,6,49160.9994,49161.03939,b,1.73404,5.3e-25,6002.837692060835
36.0,-,0,44684.8794,44684.887422,b,1.65854,1.5e-29,10478.989660060834
36.0,+,0,44685.0094,44684.997775,b,1.65855,1.7e-29,10478.87930706083
36.0,-,1,45469.4394,45469.390592,b,1.67034,3.8e-30,9694.48649006083
36.0,+,1,45469.5494,45469.49938,b,1.67034,7.6e-30,9694.377702060832
36.0,-,2,46241.3994,46241.430622,b,1.68239,1.4e-29,8922.446460060833
36.0,+,2,46241.5094,46241.537824,b,1.6824,2.8e-29,8922.339258060834
36.0,-,3,47000.6194,47000.654096,b,1.69478,2.2e-28,8163.222986060835
36.0,+,3,47000.7494,47000.759678,b,1.69479,2.2e-28,8163.117404060831
36.0,-,4,47746.7094,47746.712543,b,1.70755,3.6e-27,7417.164539060832
36.0,+,4,47746.8194,47746.81646,b,1.70755,3.5e-27,7417.0606220608315
36.0,-,5,48479.3194,48479.295331,b,1.72073,5e-26,6684.581751060832
36.0,+,5,48479.35,48479.397538,b,1.72073,4.8e-26,6684.479544060836
36.0,-,6,49197.9994,49198.15463,b,1.73432,5.7e-25,5965.722452060836
36.0,+,6,49198.2294,49198.255081,b,1.73433,5.5e-25,5965.62200106083
37.0,+,0,44725.6594,44725.644679,b,1.65878,1.5e-29,10438.232403060836
37.0,-,0,44725.7494,44725.761067,b,1.65879,2.1e-29,10438.116015060834
37.0,+,1,45509.7994,45509.742768,b,1.67058,3.3e-30,9654.134314060837
37.0,-,1,45509.8794,45509.857503,b,1.67058,7.9e-30,9654.019579060834
37.0,+,2,46281.3594,46281.373704,b,1.68265,1.6e-29,8882.503378060836
37.0,-,2,46281.4494,46281.486767,b,1.68265,2.3e-29,8882.390315060831
37.0,+,3,47040.1594,47040.181621,b,1.69505,2.1e-28,8123.69546106083
37.0,-,3,47040.2694,47040.292973,b,1.69505,2.2e-28,8123.58410906083
37.0,+,4,47785.8294,47785.81658,b,1.70782,3.6e-27,7378.060502060835
37.0,-,4,47785.9294,47785.926176,b,1.70783,3.6e-27,7377.9509060608325
37.0,+,5,48518.0194,48517.967343,b,1.72101,5.1e-26,6645.909739060837
37.0,-,5,48518.02,48518.075132,b,1.72101,4.9e-26,6645.801950060835
37.0,+,6,49236.2594,49236.386201,b,1.73462,5.9e-25,5927.490881060832
37.0,-,6,49236.4494,49236.492137,b,1.73462,5.6e-25,5927.384945060832
38.0,-,0,44767.4694,44767.491256,b,1.65903,1.5e-29,10396.385826060832
38.0,+,0,44767.6294,44767.613831,b,1.65903,1.7e-29,10396.263251060831
38.0,-,1,45551.1994,45551.173221,b,1.67083,5.8e-30,9612.703861060836
38.0,+,1,45551.3394,45551.294055,b,1.67084,6.8e-30,9612.583027060835
38.0,-,2,46322.3294,46322.383886,b,1.68291,1.8e-29,8841.49319606083
38.0,+,2,46322.4894,46322.502957,b,1.68291,2.1e-29,8841.374125060836
38.0,-,3,47080.7094,47080.764869,b,1.69532,2.2e-28,8083.112213060835
38.0,+,3,47080.8894,47080.882136,b,1.69532,2.3e-28,8082.994946060833
38.0,-,4,47825.9594,47825.964736,b,1.7081,3.7e-27,7337.912346060832
38.0,+,4,47826.0894,47826.080151,b,1.70811,3.7e-27,7337.796931060831
38.0,-,5,48557.7094,48557.671628,b,1.7213,5.2e-26,6606.205454060837
38.0,+,5,48557.76,48557.78514,b,1.7213,5e-26,6606.091942060833
38.0,-,6,49275.4894,49275.637974,b,1.73492,6e-25,5888.239108060836
38.0,+,6,49275.7294,49275.749533,b,1.73492,5.8e-25,5888.127549060831
39.0,+,0,44810.4294,44810.426172,b,1.65928,1.5e-29,10353.450910060834
39.0,-,0,44810.5494,44810.555087,b,1.65928,2.1e-29,10353.321995060833
39.0,+,1,45593.7294,45593.680964,b,1.67109,4.8e-30,9570.196118060834
39.0,-,1,45593.8194,45593.808046,b,1.6711,9.1e-30,9570.069036060835
39.0,+,2,46364.4394,46364.460169,b,1.68318,1.2e-29,8799.416913060835
39.0,-,2,46364.5494,46364.585395,b,1.68318,2e-29,8799.291687060831
39.0,+,3,47122.3694,47122.402829,b,1.69559,2.2e-28,8041.474253060835
39.0,-,3,47122.5094,47122.526157,b,1.6956,2.4e-28,8041.350925060833
39.0,+,4,47867.1694,47867.155985,b,1.70839,3.8e-27,7296.721097060836
39.0,-,4,47867.2594,47867.277363,b,1.70839,3.7e-27,7296.599719060832
39.0,+,5,48598.4794,48598.407147,b,1.7216,5.3e-26,6565.469935060835
39.0,-,5,48598.46,48598.526522,b,1.7216,5.2e-26,6565.350560060833
39.0,+,6,49315.8194,49315.908896,b,1.73522,6.2e-25,5847.9681860608325
39.0,-,6,49315.9894,49316.026215,b,1.73523,5.9e-25,5847.850867060835
40.0,-,0,44854.4094,44854.448421,b,1.65954,1.4e-29,10309.428661060832
40.0,+,0,44854.6094,44854.583826,b,1.65954,1.8e-29,10309.293256060831
40.0,-,1,45637.2794,45637.264983,b,1.67136,4.3e-30,9526.612099060832
40.0,+,1,45637.4594,45637.398461,b,1.67136,8.5e-30,9526.478621060836
40.0,-,2,46407.5594,46407.601528,b,1.68345,1.4e-29,8756.275554060834
40.0,+,2,46407.7294,46407.733055,b,1.68345,2.2e-29,8756.144027060836
40.0,-,3,47165.0294,47165.094465,b,1.69588,2.4e-28,7998.782617060831
40.0,+,3,47165.2294,47165.223997,b,1.69588,2.4e-28,7998.653085060832
40.0,-,4,47909.3694,47909.389275,b,1.70868,3.8e-27,7254.487807060832
40.0,+,4,47909.5194,47909.516757,b,1.70869,3.8e-27,7254.360325060836
40.0,-,5,48640.2194,48640.172836,b,1.7219,5.4e-26,6523.704246060835
40.0,+,5,48640.3894,48640.298211,b,1.7219,5.2e-26,6523.578871060832
40.0,-,6,49357.0594,49357.197887,b,1.73554,6.3e-25,5806.679195060831
40.0,+,6,49357.2994,49357.321102,b,1.73554,6e-25,5806.555980060832
41.0,+,0,44899.5394,44899.556971,b,1.65981,1.5e-29,10264.320111060835
41.0,-,0,44899.6994,44899.699015,b,1.65981,2.1e-29,10264.178067060835
41.0,+,1,45681.9694,45681.924236,b,1.67163,4.6e-30,9481.952846060834
41.0,-,1,45662.0794,45682.064258,b,1.67164,9.1e-30,9481.812824060835
41.0,+,2,46451.7794,46451.806912,b,1.68373,1.6e-29,8712.070170060833
41.0,-,2,46451.9094,46451.944885,b,1.68374,2e-29,8711.932197060836
41.0,+,3,47208.7894,47208.838711,b,1.69617,2.4e-28,7955.038371060837
41.0,-,3,47208.9494,47208.974589,b,1.69617,2.3e-28,7954.902493060836
41.0,+,4,47952.6794,47952.663528,b,1.70899,3.9e-27,7211.213554060836
41.0,-,4,47952.7094,47952.797254,b,1.70899,3.8e-27,7211.079828060836
41.0,+,5,48683.0094,48682.967598,b,1.72221,5.4e-26,6480.90948406083
41.0,-,5,48683.1694,48683.099112,b,1.72222,5.3e-26,6480.77797006083
41.0,+,6,49399.3994,49399.503838,b,1.73586,6.3e-25,5764.373244060836
41.0,-,6,49399.5994,49399.633084,b,1.73587,6.1e-25,5764.243998060832
42.0,-,0,44945.7294,44945.750762,b,1.66008,1.7e-29,10218.12632006083
42.0,+,0,44945.9194,44945.899596,b,1.66008,2e-29,10217.97748606083
42.0,-,1,45727.6794,45727.657656,b,1.67192,3.7e-30,9436.21942606083
42.0,+,1,45727.8594,45727.804369,b,1.67192,1.1e-29,9436.072713060836
42.0,-,2,46497.0194,46497.07524,b,1.68402,1.3e-29,8666.801842060835
42.0,+,2,46497.2094,46497.219804,b,1.68403,1.8e-29,8666.657278060833
42.0,-,3,47253.5694,47253.634475,b,1.69647,2.2e-28,7910.242607060834
42.0,+,3,47253.7794,47253.776842,b,1.69647,2.3e-28,7910.100240060834
42.0,-,4,47996.9494,47996.977636,b,1.70929,3.8e-27,7166.89944606083
42.0,+,4,47996.5994,47997.117746,b,1.7093,3.8e-27,7166.75933606083
42.0,-,5,48726.8194,48726.790312,b,1.72253,5.4e-26,6437.086770060836
42.0,+,5,48727.0294,48726.928102,b,1.72254,5.2e-26,6436.948980060835
42.0,-,6,49442.6894,49442.82561,b,1.7362,6.3e-25,5721.0514720608335
42.0,+,6,49442.9694,49442.961021,b,1.7362,6.1e-25,5720.9160610608305
43.0,+,0,44993.0194,44993.02871,b,1.66036,1.4e-29,10170.848372060835
43.0,-,0,44993.1794,44993.184481,b,1.66036,1.9e-29,10170.692601060837
43.0,+,1,45774.4994,45774.46415,b,1.6722,4.2e-30,9389.412932060834
43.0,-,1,45774.6194,45774.6177,b,1.6722,9.9e-30,9389.25938206083
43.0,+,2,46543.3694,46543.405409,b,1.68432,1.6e-29,8620.471673060834
43.0,-,2,46543.5094,46543.556708,b,1.68432,1.9e-29,8620.320374060837
43.0,+,3,47299.4394,47299.480638,b,1.69677,2.3e-28,7864.396444060832
43.0,-,3,47299.5994,47299.629635,b,1.69678,2.3e-28,7864.247447060836
43.0,+,4,48042.3494,48042.330465,b,1.70961,3.8e-27,7121.546617060834
43.0,-,4,48042.6694,48042.477098,b,1.70961,3.8e-27,7121.39998406083
43.0,+,5,48771.6794,48771.639827,b,1.72286,5.4e-26,6392.237255060834
43.0,-,5,48771.8594,48771.784029,b,1.72287,5.2e-26,6392.093053060831
43.0,+,6,49487.0594,49487.162037,b,1.73654,6.3e-25,5676.7150450608315
43.0,-,6,49487.2894,49487.303747,b,1.73654,6.1e-25,5676.573335060835
44.0,-,0,45041.3594,45041.389703,b,1.66065,1.6e-29,10122.487379060833
44.0,+,0,45041.5794,45041.552559,b,1.66065,2.3e-29,10122.32452306083
44.0,-,1,45822.3494,45822.342598,b,1.6725,3.7e-30,9341.53448406083
44.0,+,1,45822.5594,45822.503129,b,1.6725,6.2e-30,9341.373953060836
44.0,-,2,46590.7294,46590.796286,b,1.68462,1.9e-29,8573.080796060836
44.0,+,2,46590.9394,46590.954462,b,1.68463,2.1e-29,8572.922620060832
44.0,-,3,47346.3194,47346.376054,b,1.69709,2.2e-28,7817.501028060833
44.0,+,3,47346.5394,47346.531821,b,1.69709,2.4e-28,7817.3452610608365
44.0,-,4,48088.7094,48088.720852,b,1.70994,3.7e-27,7075.156230060835
44.0,+,4,48089.0294,48088.874145,b,1.70994,3.8e-27,7075.002937060832
44.0,-,5,48817.5394,48817.514963,b,1.7232,5.4e-26,6346.362119060832
44.0,+,5,48817.7794,48817.665713,b,1.7232,5.2e-26,6346.211369060831
44.0,-,6,49532.3894,49532.511924,b,1.73689,6.3e-25,5631.365158060835
44.0,+,6,49532.6894,49532.660065,b,1.73689,6.1e-25,5631.217017060837
45.0,+,0,45090.8194,45090.832605,b,1.66094,1.6e-29,10073.04447706083
45.0,-,0,45090.9994,45091.002692,b,1.66094,2.2e-29,10072.874390060832
45.0,+,1,45871.3194,45871.291852,b,1.6728,5.9e-30,9292.585230060831
45.0,-,1,45871.4994,45871.459509,b,1.6728,9.3e-30,9292.417573060833
45.0,+,2,46639.1994,46639.246711,b,1.68493,1.3e-29,8524.630371060834
45.0,-,2,46639.3794,46639.411906,b,1.68494,1.9e-29,8524.465176060832
45.0,+,3,47394.2794,47394.319548,b,1.69741,2.2e-28,7769.557534060834
45.0,-,3,47394.4594,47394.482224,b,1.69741,2.4e-28,7769.394858060834
45.0,+,4,48136.1494,48136.147608,b,1.71027,3.8e-27,7027.729474060834
45.0,-,4,48136.3994,48136.307697,b,1.71027,3.7e-27,7027.569385060837
45.0,+,5,48864.4594,48864.414515,b,1.72354,5.3e-26,6299.462567060837
45.0,-,5,48864.6394,48864.571945,b,1.72355,5.2e-26,6299.30513706083
45.0,+,6,49578.7594,49578.874046,b,1.73724,6.3e-25,5585.003036060836
45.0,-,6,49579.0194,49579.02875,b,1.73725,6e-25,5584.848332060836
46.0,-,0,45141.3194,45141.356252,b,1.66124,1.5e-29,10022.520830060836
46.0,+,0,45141.5594,45141.533716,b,1.66124,2e-29,10022.343366060835
46.0,-,1,45921.3094,45921.31074,b,1.67311,5.1e-30,9242.566342060833
46.0,+,1,45921.5394,45921.485666,b,1.67311,1.2e-29,9242.391416060833
46.0,-,2,46688.6894,46688.7555,b,1.68525,1.4e-29,8475.121582060834
46.0,+,2,46688.9194,46688.927855,b,1.68525,2.2e-29,8474.949227060832
46.0,-,3,47443.2394,47443.309919,b,1.69774,2.3e-28,7720.567163060834
46.0,+,3,47443.4894,47443.479643,b,1.69774,2.3e-28,7720.397439060835
46.0,-,4,48184.5894,48184.609514,b,1.71061,3.7e-27,6979.26756806083
46.0,+,4,48184.8694,48184.776536,b,1.71061,3.6e-27,6979.100546060836
46.0,-,5,48912.3594,48912.337246,b,1.7239,5.2e-26,6251.539836060831
46.0,+,5,48912.5894,48912.50149,b,1.7239,5.1e-26,6251.375592060831
46.0,-,6,49626.0894,49626.247151,b,1.73761,6.2e-25,5537.62993106083
46.0,+,6,49626.4694,49626.408548,b,1.73761,5.9e-25,5537.468534060834
47.0,+,0,45192.9394,45192.959455,b,1.66154,1.6e-29,9970.917627060837
47.0,-,0,45193.1494,45193.144439,b,1.66155,1.7e-29,9970.73264306083
47.0,+,1,45972.4294,45972.398063,b,1.67342,5e-30,9191.479019060833
47.0,-,1,45972.6194,45972.5804,b,1.67342,7.5e-30,9191.296682060834
47.0,+,2,46739.2694,46739.32144,b,1.68558,1.6e-29,8424.555642060834
47.0,-,2,46739.4594,46739.501093,b,1.68558,2.2e-29,8424.375989060834
47.0,+,3,47493.2794,47493.34594,b,1.69807,2.1e-28,7670.531142060834
47.0,-,3,47493.4894,47493.522849,b,1.69808,2.2e-28,7670.3542330608325
47.0,+,4,48234.1194,48234.105324,b,1.71096,3.5e-27,6929.771758060837
47.0,-,4,48234.3494,48234.279413,b,1.71096,3.5e-27,6929.597669060837
47.0,+,5,48961.3194,48961.281892,b,1.72426,5.1e-26,6202.595190060834
47.0,-,5,48961.5094,48961.453083,b,1.72426,4.9e-26,6202.423999060833
48.0,-,0,45245.5994,45245.640996,b,1.66186,1.8e-29,9918.236086060831
48.0,+,0,45245.8494,45245.833644,b,1.66186,2.2e-29,9918.043438060835
48.0,-,1,46024.5594,46024.552594,b,1.67374,6.1e-30,9139.324488060833
48.0,+,1,46024.7894,46024.742483,b,1.67375,1e-29,9139.134599060832
48.0,-,2,46790.8794,46790.943289,b,1.68591,1.4e-29,8372.93379306083
48.0,+,2,46791.0894,46791.130381,b,1.68591,2.6e-29,8372.74670106083
48.0,-,3,47544.3494,47544.426353,b,1.69842,2e-28,7619.450729060831
48.0,+,3,47544.5794,47544.610583,b,1.69842,2.2e-28,7619.266499060832
48.0,-,4,48284.5994,48284.633765,b,1.71131,3.4e-27,6879.243317060835
48.0,+,4,48284.8794,48284.815055,b,1.71132,3.4e-27,6879.062027060834
48.0,-,5,49011.2594,49011.247161,b,1.72463,4.9e-26,6152.629921060834
48.0,+,5,49011.5194,49011.425429,b,1.72463,4.8e-26,6152.451653060831
48.0,-,6,49723.8694,49724.021153,b,1.73837,5.9e-25,5439.855929060832
48.0,+,6,49724.2094,49724.196324,b,1.73837,5.6e-25,5439.6807580608365
49.0,+,0,45299.3794,45299.399635,b,1.66218,1.9e-29,9864.477447060832
49.0,-,0,45299.5994,45299.600089,b,1.66218,2.2e-29,9864.276993060834
49.0,+,1,46077.7894,46077.77308,b,1.67407,6e-30,9086.104002060834
49.0,-,1,46077.9994,46077.97066,b,1.67407,5.8e-30,9085.906422060834
49.0,+,2,46843.5594,46843.619783,b,1.68625,1.6e-29,8320.257299060831
49.0,-,2,46843.7594,46843.814451,b,1.68625,2.1e-29,8320.062631060835
49.0,+,3,47596.4694,47596.549876,b,1.69877,2.1e-28,7567.327206060836
49.0,-,3,47596.6694,47596.741562,b,1.69877,2.1e-28,7567.1355200608305
49.0,+,4,48336.1694,48336.193535,b,1.71168,3.3e-27,6827.683547060835
49.0,-,4,48336.4194,48336.382158,b,1.71168,3.3e-27,6827.494924060833
49.0,+,5,49062.2594,49062.231732,b,1.725,4.8e-26,6101.645350060833
49.0,-,5,49062.4894,49062.417208,b,1.72501,4.7e-26,6101.459874060834
49.0,+,6,49774.2894,49774.419399,b,1.73876,5.7e-25,5389.457683060835
49.0,-,6,49774.6294,49774.601649,b,1.73876,5.5e-25,5389.275433060837
50.0,-,0,45354.1794,45354.234101,b,1.6625,1.8e-29,9809.642981060832
50.0,+,0,45354.4594,45354.442503,b,1.66251,2e-29,9809.434579060835
50.0,-,1,46132.0594,46132.058241,b,1.67441,6.2e-30,9031.818841060835
50.0,+,1,46132.3094,46132.263653,b,1.67441,1.4e-29,9031.613429060832
50.0,-,2,46897.2694,46897.349627,b,1.68659,1.6e-29,8266.52745506083
50.0,+,2,46897.5194,46897.552006,b,1.6866,2.1e-29,8266.325076060835
50.0,-,3,47649.6194,47649.715198,b,1.69913,1.9e-28,7514.161884060835
50.0,-,3,47649.8694,47649.715198,b,1.69913,1.9e-28,7514.161884060835
50.0,-,4,48388.7494,48388.783303,b,1.71205,3.2e-27,6775.093779060837
50.0,+,4,48389.0194,48388.979392,b,1.71205,3.2e-27,6774.897690060832
50.0,-,5,49114.2494,49114.234255,b,1.72539,4.6e-26,6049.64282706083
50.0,+,5,49114.4894,49114.427068,b,1.72539,4.5e-26,6049.450014060836
50.0,-,6,49825.6694,49825.823327,b,1.73916,5.6e-25,5338.053755060835
50.0,+,6,49826.0494,49826.012782,b,1.73916,5.4e-25,5337.864300060835
51.0,+,0,45410.1094,45410.143101,b,1.66284,1.7e-29,9753.733981060832
51.0,-,0,45410.3494,45410.35959,b,1.66284,1.9e-29,9753.517492060833
51.0,+,1,46187.4194,46187.406773,b,1.67475,6.4e-30,8976.470309060831
51.0,-,1,46187.6394,46187.620153,b,1.67475,8.4e-30,8976.25692906083
51.0,+,2,46952.0594,46952.131499,b,1.68695,1.6e-29,8211.74558306083
51.0,-,2,46952.2594,46952.341727,b,1.68695,2.5e-29,8211.535355060834
51.0,+,3,47703.8094,47703.920979,b,1.69949,1.8e-28,7459.956103060831
51.0,-,3,47704.0794,47704.127979,b,1.6995,1.9e-28,7459.749103060836
51.0,+,4,48442.3294,48442.401712,b,1.71243,3.1e-27,6721.475370060834
51.0,-,4,48442.6394,48442.605397,b,1.71243,3.1e-27,6721.271685060834
51.0,+,5,49167.2694,49167.253352,b,1.72578,4.4e-26,5996.623730060834
51.0,-,5,49167.5094,49167.45363,b,1.72579,4.3e-26,5996.42345206083
51.0,+,6,49878.1094,49878.231539,b,1.73957,5.4e-25,5285.645543060833
51.0,-,6,49878.4094,49878.428324,b,1.73957,5.1e-25,5285.448758060833
52.0,-,0,45467.0894,45467.125312,b,1.66318,1.8e-29,9696.751770060837
52.0,+,0,45467.3594,45467.350028,b,1.66318,2.2e-29,9696.527054060833
52.0,-,1,46243.7994,46243.817341,b,1.6751,6e-30,8920.059741060832
52.0,+,1,46244.0494,46244.038827,b,1.6751,1.3e-29,8919.838255060837
52.0,-,2,47007.8794,47007.964053,b,1.68731,1.5e-29,8155.91302906083
52.0,+,2,47008.0994,47008.182262,b,1.68731,2.5e-29,8155.694820060831
52.0,-,3,47759.0694,47759.165854,b,1.69987,1.8e-28,7404.711228060834
52.0,+,3,47759.3194,47759.38071,b,1.69987,1.9e-28,7404.496372060836
52.0,-,4,48496.9994,48497.047376,b,1.71281,2.9e-27,6666.829706060831
52.0,+,4,48491.2594,48497.258785,b,1.71282,2.9e-27,6666.618297060835
52.0,-,5,49221.2794,49221.287617,b,1.72618,4.2e-26,5942.589465060832
52.0,+,5,49221.5594,49221.495485,b,1.72619,4.1e-26,5942.381597060834
52.0,-,6,49931.4694,49931.642606,b,1.73998,5.1e-25,5232.234476060832
53.0,+,0,45525.1594,45525.179386,b,1.66352,1.5e-29,9638.69769606083
53.0,-,0,45525.4094,45525.412468,b,1.66353,2.3e-29,9638.464614060831
53.0,+,1,46301.2594,46301.288587,b,1.67546,6.7e-30,8862.58849506083
53.0,-,1,46301.5494,46301.518314,b,1.67546,1.2e-29,8862.358768060833
53.0,+,2,47064.7694,47064.845912,b,1.68768,1.5e-29,8099.031170060836
53.0,-,2,47064.9894,47065.072237,b,1.68768,1.9e-29,8098.804845060833
53.0,+,3,47815.3294,47815.448429,b,1.70025,1.5e-28,7348.428653060837
53.0,-,3,47815.6094,47815.671271,b,1.70025,1.8e-28,7348.205811060834
53.0,+,4,48552.6594,48552.718879,b,1.71321,2.8e-27,6611.158203060833
53.0,-,4,48552.9494,48552.938142,b,1.71321,2.8e-27,6610.938940060834
53.0,+,5,49276.3594,49276.335612,b,1.72659,4e-26,5887.541470060831
53.0,-,5,49276.6294,49276.551198,b,1.7266,3.9e-26,5887.325884060832
53.0,+,6,49985.8894,49986.055072,b,1.74041,4.9e-25,5177.8220100608305
53.0,-,6,49986.2594,49986.266889,b,1.74041,4.7e-25,5177.610193060835
54.0,-,0,45584.2794,45584.30395,b,1.66388,1.6e-29,9579.573132060832
54.0,+,0,45584.5594,45584.545533,b,1.66388,2.1e-29,9579.331549060837
54.0,-,1,46359.8094,46359.819123,b,1.67582,6.4e-30,8804.057959060832
54.0,+,1,46360.1094,46360.057226,b,1.67583,1.1e-29,8803.819856060836
54.0,-,2,47122.6994,47122.775674,b,1.68805,1.1e-29,8041.101408060837
54.0,+,2,47122.9394,47123.010246,b,1.68806,1.9e-29,8040.866836060835
54.0,-,3,47872.6794,47872.767282,b,1.70064,1.5e-28,7291.109800060833
54.0,+,3,47872.9294,47872.99824,b,1.70064,1.8e-28,7290.8788420608325
54.0,-,4,48609.3794,48609.41478,b,1.71361,2.6e-27,6554.462302060834
54.0,+,4,48609.6394,48609.642023,b,1.71362,2.7e-27,6554.235059060833
54.0,-,5,49332.4194,49332.395874,b,1.72701,3.8e-26,5831.481208060832
54.0,+,5,49332.6794,49332.619301,b,1.72702,3.7e-26,5831.2577810608345
55.0,+,0,45644.4694,45644.497602,b,1.66424,1.9e-29,9519.37948006083
55.0,-,0,45644.7694,45644.747822,b,1.66424,2.4e-29,9519.129260060836
55.0,+,1,46419.4194,46419.407537,b,1.67619,8.5e-30,8744.469545060834
55.0,-,1,46419.7094,46419.654149,b,1.6762,1.3e-29,8744.222933060832
55.0,+,2,47181.6494,47181.75191,b,1.68844,1.3e-29,7982.125172060834
55.0,-,2,47181.9594,47181.99486,b,1.68844,2e-29,7981.8822220608345
55.0,+,3,47931.0194,47931.120964,b,1.70103,1.5e-28,7232.756118060832
55.0,-,3,47931.3094,47931.360166,b,1.70104,1.7e-28,7232.516916060835
55.0,+,4,48667.0994,48667.133607,b,1.71402,2.5e-27,6496.74347506083
55.0,-,4,48667.3994,48667.368956,b,1.71403,2.5e-27,6496.508126060835
55.0,+,5,49389.4894,49389.466909,b,1.72744,3.6e-26,5774.410173060831
55.0,-,5,49389.7794,49389.6983,b,1.72744,3.5e-26,5774.178782060837
55.0,+,6,50097.7294,50097.878228,b,1.74128,4.4e-25,5065.998854060832
55.0,-,6,50098.0994,50098.105564,b,1.74129,4.3e-25,5065.771518060836
56.0,-,0,45705.7594,45705.758914,b,1.66461,2e-29,9458.118168060835
56.0,+,0,45706.0494,45706.017906,b,1.66461,1.8e-29,9457.859176060832
56.0,-,1,46480.0594,46480.052389,b,1.67657,1.4e-29,8683.824693060837
56.0,+,1,46480.3694,46480.307642,b,1.67658,1.1e-29,8683.569440060834
56.0,-,2,47241.7094,47241.773162,b,1.68883,1.5e-29,7922.103920060836
56.0,+,2,47241.9594,47242.024621,b,1.68883,1.9e-29,7921.8524610608365
56.0,-,3,47990.4394,47990.507997,b,1.70144,1.4e-28,7173.369085060833
56.0,+,3,47990.6994,47990.75557,b,1.70144,1.6e-28,7173.121512060832
56.0,-,4,48725.8494,48725.873859,b,1.71444,2.3e-27,6438.003223060834
56.0,+,4,48726.1494,48726.11744,b,1.71445,2.3e-27,6437.7596420608315
56.0,-,5,49447.5894,49447.547193,b,1.72787,3.4e-26,5716.329889060835
56.0,+,5,49447.8694,49447.786672,b,1.72788,3.3e-26,5716.090410060831
56.0,-,6,50155.2294,50155.285855,b,1.74173,4.2e-25,5008.591227060831
57.0,+,0,45768.0794,45768.086433,b,1.66498,1.8e-29,9395.790649060837
57.0,-,0,45768.3894,45768.354329,b,1.66498,2.7e-29,9395.522753060832
57.0,+,1,46541.7794,46541.752211,b,1.67696,1e-29,8622.124871060834
57.0,-,1,46542.0994,46542.016236,b,1.67696,1.2e-29,8621.86084606083
57.0,+,2,47302.7794,47302.837946,b,1.68922,1.7e-29,7861.039136060834
57.0,-,2,47303.0594,47303.098041,b,1.68923,2.1e-29,7860.779041060836
57.0,+,3,48050.8294,48050.926875,b,1.70185,1.4e-28,7112.950207060836
57.0,-,3,48051.1394,48051.182946,b,1.70185,1.6e-28,7112.6941360608325
57.0,+,4,48785.5994,48785.63401,b,1.71487,2.1e-27,6378.243072060832
57.0,-,4,48785.9194,48785.885945,b,1.71487,2.2e-27,6377.9911370608315
57.0,+,5,49506.6594,49506.635175,b,1.72831,3.1e-26,5657.24190706083
57.0,-,5,49506.9694,49506.882862,b,1.72832,3.1e-26,5656.994220060835
57.0,+,6,50213.5894,50213.688759,b,1.74219,3.9e-25,4950.188323060836
57.0,-,6,50213.8994,50213.932092,b,1.7422,3.7e-25,4949.944990060831
58.0,-,0,45831.4994,45831.478678,b,1.66536,1.7e-29,9332.398404060834
58.0,+,0,45831.8094,45831.75561,b,1.66537,2.5e-29,9332.121472060833
58.0,-,1,46604.5494,46604.505509,b,1.67735,1.1e-29,8559.371573060831
58.0,+,1,46604.8494,46604.778436,b,1.67735,9.9e-30,8559.098646060833
58.0,-,2,47364.8794,47364.944749,b,1.68963,1.4e-29,7798.932333060831
58.0,+,2,47365.1894,47365.213608,b,1.68963,2.3e-29,7798.663474060835
58.0,-,3,48112.2994,48112.376066,b,1.70227,1.3e-28,7051.501016060836
58.0,+,3,48112.5994,48112.640759,b,1.70227,1.4e-28,7051.236323060832
58.0,-,4,48846.3794,48846.412501,b,1.7153,2e-27,6317.4645810608345
58.0,+,4,48846.7294,48846.672914,b,1.71531,2e-27,6317.204168060831
58.0,-,5,49566.7594,49566.729274,b,1.72877,2.9e-26,5597.147808060836
58.0,+,5,49567.0494,49566.985288,b,1.72877,2.9e-26,5596.89179406083
58.0,-,6,50272.9794,50273.085334,b,1.74266,3.6e-25,4890.79174806083
58.0,+,6,50273.2994,50273.336842,b,1.74267,3.5e-25,4890.540240060836
59.0,+,0,45895.9194,45895.934141,b,1.66575,1.6e-29,9267.942941060835
59.0,-,0,45896.2794,45896.220241,b,1.66575,2e-29,9267.65684106083
59.0,+,1,46668.3194,46668.310763,b,1.67775,9.7e-30,8495.566319060832
59.0,-,1,46668.6894,46668.59272,b,1.67775,1.3e-29,8495.284362060833
59.0,+,2,47428.0294,47428.092032,b,1.69004,1.4e-29,7735.785050060833
59.0,-,2,47428.3594,47428.369782,b,1.69005,2.5e-29,7735.507300060832
59.0,+,3,48174.7594,48174.854008,b,1.70269,1.2e-28,6989.023074060831
59.0,-,3,48175.0994,48175.127447,b,1.7027,1.4e-28,6988.749635060834
59.0,+,4,48908.1894,48908.207748,b,1.71575,1.8e-27,6255.669334060833
59.0,-,4,48908.5394,48908.476759,b,1.71575,1.9e-27,6255.400323060836
59.0,+,5,49627.8494,49627.827879,b,1.72923,2.7e-26,5536.049203060837
59.0,-,5,49628.1694,49628.092339,b,1.72923,2.7e-26,5535.784743060831
59.0,+,6,50333.3894,50333.473945,b,1.74314,3.4e-25,4830.403137060835
60.0,-,0,45961.4794,45961.451287,b,1.66614,2.2e-29,9202.42579506083
60.0,+,0,45961.8194,45961.746685,b,1.66615,2.5e-29,9202.130397060835
60.0,-,1,46733.2094,46733.166424,b,1.67816,1.5e-29,8430.71065806083
60.0,+,1,46733.5394,46733.457539,b,1.67816,1.2e-29,8430.41954306083
60.0,-,2,47492.2194,47492.278229,b,1.69046,1.6e-29,7671.59885306083
60.0,+,2,47492.5494,47492.564993,b,1.69047,2.3e-29,7671.312089060833
60.0,-,3,48238.2994,48238.359111,b,1.70313,1.1e-28,6925.517971060835
60.0,+,3,48238.6094,48238.641419,b,1.70313,1.3e-28,6925.235663060834
60.0,-,4,48971.0194,48971.018136,b,1.7162,1.7e-27,6192.858946060835
60.0,+,4,48971.3594,48971.295864,b,1.7162,1.7e-27,6192.581218060834
60.0,-,5,49689.9694,49689.929349,b,1.72969,2.5e-26,5473.947733060835
60.0,+,5,49690.3294,49690.202373,b,1.7297,2.5e-26,5473.674709060833
60.0,-,6,50394.7594,50394.852928,b,1.74363,3.1e-25,4769.024154060833
60.0,+,6,50395.1494,50395.121133,b,1.74363,3e-25,4768.755949060833
61.0,+,0,46028.0494,46028.028558,b,1.66655,2e-29,9135.848524060835
61.0,-,0,46028.4194,46028.33338,b,1.66655,2.1e-29,9135.543702060837
61.0,+,1,46799.1094,46799.070917,b,1.67857,1.1e-29,8364.806165060836
61.0,-,1,46799.4594,46799.371315,b,1.67858,1.1e-29,8364.505767060837
61.0,+,2,47557.4594,47557.501744,b,1.69089,1.4e-29,7606.375338060832
61.0,-,2,47557.8094,47557.797647,b,1.6909,2.6e-29,7606.079435060834
61.0,+,3,48302.8294,48302.889757,b,1.70357,1.1e-28,6860.987325060836
61.0,-,3,48303.1494,48303.181055,b,1.70358,1.2e-28,6860.696027060832
61.0,+,4,49034.8494,49034.842021,b,1.71666,1.6e-27,6129.035061060837
61.0,-,4,49035.1894,49035.128586,b,1.71666,1.6e-27,6128.748496060834
61.0,+,5,49753.0794,49753.032017,b,1.73017,2.3e-26,5410.845065060836
61.0,-,5,49753.4494,49753.313719,b,1.73018,2.2e-26,5410.563363060835
61.0,+,6,50457.1794,50457.220587,b,1.74412,2.9e-25,4706.65649506083
61.0,-,6,50457.4994,50457.49731,b,1.74413,2.8e-25,4706.3797720608345
62.0,-,0,46095.7094,46095.664363,b,1.66696,2e-29,9068.21271906083
62.0,+,0,46096.0694,46095.978738,b,1.66696,2.2e-29,9067.898344060835
62.0,-,1,46866.0794,46866.02264,b,1.67899,1.5e-29,8297.85444206083
62.0,+,1,46866.4694,46866.332446,b,1.679,1.7e-29,8297.544636060833
62.0,-,2,47623.7194,47623.760955,b,1.69133,1.4e-29,7540.116127060835
62.0,+,2,47624.0694,47624.066119,b,1.69133,2.1e-29,7539.8109630608305
62.0,-,3,48368.3794,48368.444301,b,1.70402,9.2e-29,6795.43278106083
62.0,+,3,48368.7394,48368.744708,b,1.70403,1e-28,6795.132374060835
62.0,-,4,49099.6894,49099.677732,b,1.71712,1.4e-27,6064.199350060837
62.0,+,4,49100.0494,49099.97325,b,1.71713,1.5e-27,6063.903832060831
62.0,-,5,49817.1994,49817.134181,b,1.73066,2e-26,5346.742901060832
62.0,+,5,49817.5694,49817.424677,b,1.73066,2e-26,5346.452405060831
63.0,+,0,46164.4194,46164.35709,b,1.66737,2.5e-29,8999.519992060836
63.0,-,0,46164.7794,46164.681142,b,1.66738,2.4e-29,8999.195940060832
63.0,+,1,46934.0894,46934.019962,b,1.67942,1.1e-29,8229.857120060835
63.0,-,1,46934.4594,46934.339301,b,1.67943,1.5e-29,8229.537781060833
63.0,+,2,47690.6394,47691.054212,b,1.69177,1.1e-29,7472.822870060831
63.0,-,2,47691.3994,47691.368757,b,1.69177,2.2e-29,7472.508325060837
63.0,+,3,48434.9694,48435.021067,b,1.70448,9.1e-29,6728.856015060832
63.0,-,3,48435.3394,48435.330702,b,1.70449,1e-28,6728.546380060834
63.0,+,4,49165.5094,49165.523567,b,1.7176,1.2e-27,5998.353515060837
63.0,-,4,49165.8994,49165.828154,b,1.71761,1.3e-27,5998.048928060831
63.0,+,5,49882.2894,49882.234115,b,1.73115,1.9e-26,5281.642967060834
63.0,-,5,49882.6494,49882.533517,b,1.73116,1.8e-26,5281.34356506083
64.0,-,0,46234.1494,46234.105096,b,1.6678,2.4e-29,8929.771986060834
64.0,+,0,46234.5694,46234.43895,b,1.6678,2.2e-29,8929.43813206083
64.0,-,1,47003.0994,47003.061228,b,1.67986,1.2e-29,8160.815854060835
64.0,+,1,47003.5094,47003.39022,b,1.67986,1.6e-29,8160.486862060832
64.0,-,2,47759.3394,47759.379837,b,1.69222,1.5e-29,7404.497245060833
64.0,+,2,47759.7294,47759.703884,b,1.69222,2.4e-29,7404.173198060831
64.0,-,3,48502.5694,48502.618353,b,1.70495,8.3e-29,6661.258729060835
64.0,+,3,48502.9494,48502.937333,b,1.70495,9.1e-29,6660.939749060832
64.0,-,4,49232.3694,49232.377795,b,1.71808,1.1e-27,5931.499287060833
64.0,+,4,49232.7594,49232.691567,b,1.71809,1.2e-27,5931.185515060832
64.0,-,5,49948.4094,49948.330058,b,1.73165,1.7e-26,5215.547024060834
64.0,+,5,49948.7494,49948.63848,b,1.73166,1.7e-26,5215.238602060832
65.0,+,0,46304.9794,46304.906714,b,1.66823,2.7e-29,8858.970368060836
65.0,-,0,46305.3594,46305.250493,b,1.66823,2.6e-29,8858.626589060834
65.0,+,1,47073.2094,47073.144753,b,1.6803,1e-29,8090.732329060833
65.0,-,1,47073.6094,47073.483519,b,1.68031,1.5e-29,8090.393563060832
65.0,+,2,47828.7194,47828.736124,b,1.69268,1.6e-29,7335.140958060831
65.0,-,2,47829.0994,47829.069791,b,1.69268,2e-29,7334.807291060832
65.0,+,3,48571.1994,48571.234428,b,1.70542,7.2e-29,6592.64265406083
65.0,-,3,48571.5594,48571.562869,b,1.70543,9.6e-29,6592.314213060832
65.0,+,4,49300.2394,49300.238658,b,1.71858,1e-27,5863.638424060831
65.0,-,4,49300.6094,49300.561727,b,1.71858,1.1e-27,5863.315355060833
65.0,+,5,50015.4894,50015.420223,b,1.73216,1.5e-26,5148.456859060832
65.0,-,5,50015.8494,50015.737774,b,1.73217,1.5e-26,5148.139308060832
66.0,-,0,46376.8294,46376.760247,b,1.66866,1.7e-29,8787.116835060835
66.0,+,0,46377.2494,46377.114073,b,1.66867,2.3e-29,8786.763009060836
66.0,-,1,47144.3294,47144.268826,b,1.68075,9.6e-30,8019.608256060834
66.0,+,1,47144.7394,47144.617485,b,1.68076,1.8e-29,8019.259597060831
66.0,-,2,47899.0794,47899.12134,b,1.69314,1.3e-29,7264.7557420608355
66.0,+,2,47899.5194,47899.464743,b,1.69315,2e-29,7264.4123390608365
66.0,-,3,48640.8094,48640.867531,b,1.7059,7e-29,6523.00955106083
66.0,+,3,48641.2194,48641.205547,b,1.70591,8.6e-29,6522.671535060836
66.0,-,4,49369.0894,49369.104367,b,1.71908,8.9e-28,5794.772715060833
66.0,+,4,49369.5394,49369.436844,b,1.71908,9.9e-28,5794.44023806083
66.0,-,5,50083.5494,50083.502791,b,1.73268,1.3e-26,5080.374291060834
66.0,+,5,50083.9894,50083.82958,b,1.73269,1.3e-26,5080.0475020608355
67.0,+,0,46449.7394,46449.663975,b,1.66911,2e-29,8714.21310706083
67.0,-,0,46450.1694,46450.027967,b,1.66912,2.4e-29,8713.849115060832
67.0,+,1,47216.5294,47216.431707,b,1.68121,1.4e-29,7947.44537506083
67.0,-,1,47216.9294,47216.790377,b,1.68121,1.9e-29,7947.086705060836
67.0,+,2,47970.5294,47970.533723,b,1.69362,1.9e-29,7193.343359060833
67.0,-,2,47970.9094,47970.886978,b,1.69362,2.8e-29,7192.990104060831
67.0,+,3,48711.4794,48711.515874,b,1.70639,7.6e-29,6452.361208060836
67.0,-,3,48711.8694,48711.863577,b,1.7064,8e-29,6452.013505060837
67.0,+,4,49438.9994,49438.973102,b,1.71959,8e-28,5724.90398006083
67.0,-,4,49439.3794,49439.315098,b,1.71959,8.8e-28,5724.561984060834
67.0,+,5,50152.6894,50152.575914,b,1.73321,1.2e-26,5011.301168060832
67.0,-,5,50153.0694,50152.912049,b,1.73322,1.2e-26,5010.965033060835
68.0,-,0,46523.6894,46523.616146,b,1.66956,1.8e-29,8640.260936060833
68.0,+,0,46524.1594,46523.990423,b,1.66957,1.9e-29,8639.88665906083
68.0,-,1,47289.7094,47289.631629,b,1.68167,1.2e-29,7874.24545306083
68.0,+,1,47290.1594,47290.000427,b,1.68168,2e-29,7873.876655060834
68.0,-,2,48042.9294,48042.971483,b,1.6941,1.4e-29,7120.905599060832
68.0,+,2,48043.4094,48043.334704,b,1.6941,2.1e-29,7120.542378060833
68.0,-,3,48783.1094,48783.177639,b,1.70689,6.1e-29,6380.699443060832
68.0,+,3,48783.5594,48783.535142,b,1.7069,8.3e-29,6380.341940060833
68.0,-,4,49509.8394,49509.843016,b,1.7201,7.1e-28,5654.034066060834
68.0,+,4,49510.2994,49510.194641,b,1.72011,8.1e-28,5653.6824410608315
68.0,-,5,50222.6894,50222.637713,b,1.73375,1e-26,4941.239369060837
68.0,+,5,50223.1594,50222.9833,b,1.73376,1.1e-26,4940.8937820608335
69.0,+,0,46598.7094,46598.614986,b,1.67002,2.4e-29,8565.262096060833
69.0,-,0,46599.1494,46598.999665,b,1.67003,2.6e-29,8564.87741706083
69.0,+,1,47363.9394,47363.8668,b,1.68215,1.4e-29,7800.01028206083
69.0,-,1,47364.3594,47364.24584,b,1.68215,1.2e-29,7799.63124206083
69.0,+,2,48116.4194,48116.432802,b,1.69459,1.8e-29,7047.44428006083
69.0,-,2,48116.8294,48116.806101,b,1.69459,2.7e-29,7047.070981060831
69.0,+,3,48855.7994,48855.850979,b,1.7074,5.8e-29,6308.026103060831
69.0,-,3,48856.2194,48856.218391,b,1.70741,6.4e-29,6307.658691060831
69.0,+,4,49581.7394,49581.712233,b,1.72063,6.1e-28,5582.164849060835
69.0,-,4,49582.1694,49582.073593,b,1.72064,7.1e-28,5581.803489060832
69.0,+,5,50293.7794,50293.686278,b,1.7343,9e-27,4870.190804060832
69.0,-,5,50294.1594,50294.041422,b,1.7343,9.3e-27,4869.835660060831
70.0,-,0,46674.7294,46674.658689,b,1.67049,2.7e-29,8489.21839306083
70.0,+,0,46675.2094,46675.053887,b,1.67049,2.3e-29,8488.823195060831
70.0,-,1,47439.2094,47439.135397,b,1.68263,1.2e-29,7724.741685060835
70.0,+,1,47439.6594,47439.524793,b,1.68263,1.8e-29,7724.3522890608365
70.0,-,2,48190.9194,48190.915834,b,1.69508,1.8e-29,6972.961248060834
70.0,+,2,48191.3594,48191.299323,b,1.69509,1.9e-29,6972.577759060834
70.0,-,3,48929.4794,48929.53402,b,1.70791,5.3e-29,6234.343062060834
70.0,+,3,48929.8894,48929.91145,b,1.70792,6.9e-29,6233.965632060834
70.0,-,4,49654.5894,49654.578844,b,1.72116,5.5e-28,5509.29823806083
70.0,+,4,49655.0694,49654.950046,b,1.72117,6.3e-28,5508.927036060835
70.0,+,5,50366.2094,50366.084475,b,1.73486,8.2e-27,4797.79260706083
71.0,+,0,46751.8394,46751.745426,b,1.67096,2.4e-29,8412.131656060832
71.0,-,0,46752.3094,46752.151256,b,1.67097,2.8e-29,8411.725826060836
71.0,+,1,47515.5294,47515.43557,b,1.68311,1.5e-29,7648.441512060832
71.0,-,1,47515.9794,47515.835435,b,1.68312,2.2e-29,7648.0416470608325
71.0,+,2,48266.4094,48266.418704,b,1.69559,1.5e-29,6897.45837806083
71.0,-,2,48266.8694,48266.812492,b,1.69559,2.3e-29,6897.064590060836
71.0,+,3,49004.1594,49004.224857,b,1.70844,5.5e-29,6159.652225060832
71.0,-,3,49004.6194,49004.612412,b,1.70844,6.2e-29,6159.264670060831
71.0,+,4,49728.4394,49728.440914,b,1.72171,4.8e-28,5435.4361680608345
71.0,-,4,49728.9294,49728.822061,b,1.72171,5.7e-28,5435.055021060834
71.0,+,5,50438.7894,50438.73592,b,1.73541,6.8e-27,4725.141162060834
71.0,-,5,50439.2294,50439.110487,b,1.73542,7.1e-27,4724.766595060835
72.0,-,0,46829.9294,46829.873338,b,1.67144,2.4e-29,8334.003744060836
72.0,+,0,46830.4894,46830.289914,b,1.67145,2.2e-29,8333.587168060832
72.0,-,1,47592.8594,47592.765444,b,1.68361,1.5e-29,7571.111638060836
72.0,-,1,47593.3094,47592.765444,b,1.68361,1.5e-29,7571.111638060836
72.0,-,2,48342.9494,48342.939509,b,1.6961,1.5e-29,6820.93757306083
72.0,+,2,48343.4294,48343.343705,b,1.69611,2.5e-29,6820.533377060834
72.0,-,3,49079.8794,49079.921556,b,1.70897,4.3e-29,6083.955526060832
72.0,+,3,49080.3194,49080.319342,b,1.70897,5.8e-29,6083.557740060831
72.0,-,4,49803.3094,49803.296474,b,1.72226,4.3e-28,5360.580608060831
72.0,+,4,49803.7694,49803.68767,b,1.72226,4.8e-28,5360.189412060834
72.0,-,5,50512.7394,50512.733026,b,1.73599,5.8e-27,4651.144056060832
73.0,+,0,46909.1794,46909.040539,b,1.67193,2.1e-29,8254.836543060832
73.0,-,0,46909.6394,46909.467972,b,1.67194,2.8e-29,8254.409110060835
73.0,+,1,47671.2294,47671.123112,b,1.68411,1.5e-29,7492.753970060832
73.0,-,1,47671.6794,47671.544243,b,1.68412,1.9e-29,7492.332839060837
73.0,+,2,48420.4794,48420.476319,b,1.69662,2.3e-29,6743.400763060832
73.0,-,2,48420.9394,48420.891029,b,1.69663,2.5e-29,6742.986053060835
73.0,+,3,49156.5494,49156.622155,b,1.70951,4.2e-29,6007.254927060836
73.0,-,3,49157.0394,49157.030276,b,1.70951,5.4e-29,6006.846806060836
73.0,+,4,49879.1294,49879.143529,b,1.72282,3.7e-28,5284.7335530608325
73.0,-,4,49879.6494,49879.544876,b,1.72282,4.5e-28,5284.332206060833
73.0,+,5,50587.7494,50587.708957,b,1.73657,4.9e-27,4576.168125060831
73.0,-,5,50588.2894,50588.103347,b,1.73658,5.3e-27,4575.773735060837
74.0,-,0,46989.2594,46989.245117,b,1.67242,2.3e-29,8174.631965060835
74.0,+,0,46989.2894,46989.683516,b,1.67243,2.9e-29,8174.193566060836
74.0,-,1,47750.6094,47750.506642,b,1.68462,1.2e-29,7413.370440060833
74.0,+,1,47751.0794,47750.938569,b,1.68463,1.8e-29,7412.938513060835
74.0,-,2,48498.9894,48499.027172,b,1.69715,1.5e-29,6664.8499100608315
74.0,+,2,48499.5394,48499.452502,b,1.69715,2.9e-29,6664.424580060833
74.0,-,3,49234.2494,49234.324662,b,1.71005,3.7e-29,5929.552420060834
74.0,+,3,49234.7394,49234.743221,b,1.71006,5.1e-29,5929.133861060836
74.0,-,4,49955.9894,49955.980052,b,1.72338,2.9e-28,5207.897030060834
74.0,+,4,49956.4894,49956.391648,b,1.72339,3.7e-28,5207.485434060836
74.0,-,5,50663.6994,50663.66165,b,1.73716,4.2e-27,4500.2154320608315
74.0,-,5,50664.1994,50663.66165,b,1.73716,4.2e-27,4500.2154320608315
75.0,-,0,47071.1094,47070.934605,b,1.67293,2.4e-29,8092.942477060831
75.0,+,1,47830.9794,47830.914073,b,1.68514,1.5e-29,7332.963009060833
75.0,-,1,47831.4894,47831.356902,b,1.68515,1.8e-29,7332.520180060834
75.0,+,2,48578.5894,48578.590081,b,1.69768,1.9e-29,6585.287001060831
75.0,-,2,48499.5394,48579.026134,b,1.69769,3e-29,6584.850948060834
75.0,+,3,49312.9794,49313.027055,b,1.71061,3.9e-29,5850.850027060835
75.0,-,3,49313.4794,49313.456152,b,1.71062,4.5e-29,5850.4209300608345
75.0,+,4,50033.7894,50033.803985,b,1.72396,2.8e-28,5130.073097060835
75.0,-,4,50034.3294,50034.22593,b,1.72397,3.4e-28,5129.651152060833
75.0,+,5,50740.6494,50740.589012,b,1.73776,3.5e-27,4423.288070060837
75.0,-,5,50741.1094,50741.003615,b,1.73777,3.8e-27,4422.873467060832
76.0,+,0,47153.3994,47153.21927,b,1.67345,2.5e-29,8010.657812060832
76.0,-,1,47912.4194,47912.343417,b,1.68567,1.5e-29,7251.533665060837
76.0,+,1,47912.9094,47912.797251,b,1.68567,1.8e-29,7251.07983106083
76.0,-,2,48659.1094,48659.163028,b,1.69823,1.7e-29,6504.714054060831
76.0,+,2,48659.6594,48659.609906,b,1.69823,2.4e-29,6504.2671760608355
76.0,-,3,49392.6594,49392.727284,b,1.71117,4.2e-29,5771.149798060833
76.0,+,3,49393.1394,49393.167019,b,1.71118,4.4e-29,5770.710063060833
76.0,-,4,50112.6194,50112.61324,b,1.72455,2.3e-28,5051.263842060835
76.0,+,4,50113.1694,50113.04563,b,1.72456,3e-28,5050.831452060833
76.0,-,5,50818.5394,50818.488919,b,1.73837,2.9e-27,4345.38816306083
77.0,-,0,47236.7094,47236.535512,b,1.67396,2.4e-29,7927.341570060831
77.0,+,1,47994.8494,47994.792656,b,1.6862,1.5e-29,7169.0844260608355
77.0,+,2,48740.6994,48740.743968,b,1.69878,1.7e-29,6423.133114060831
77.0,-,2,48741.2394,48741.20177,b,1.69879,2.1e-29,6422.675312060834
77.0,+,3,49473.3494,49473.423267,b,1.71174,2.9e-29,5690.453815060835
77.0,-,3,49473.8694,49473.873738,b,1.71175,5.3e-29,5690.003344060831
77.0,+,4,50192.4194,50192.405701,b,1.72514,2e-28,4971.47138106083
77.0,-,4,50192.9694,50192.848631,b,1.72515,2.7e-28,4971.028451060833
77.0,+,5,50897.4894,50897.359214,b,1.73899,2.4e-27,4266.517868060837
77.0,-,5,50891.9394,50897.794404,b,1.739,2.7e-27,4266.082678060833
78.0,+,0,47321.0394,47320.881308,b,1.67449,3.2e-29,7842.99577406083
78.0,-,1,48078.3494,48078.259746,b,1.68674,1.4e-29,7085.61733606083
78.0,+,1,48070.8294,48078.735899,b,1.68675,2.7e-29,7085.141183060834
78.0,-,2,48823.3194,48823.330824,b,1.69934,2e-29,6340.546258060836
78.0,+,2,48823.8294,48823.79965,b,1.69935,3.2e-29,6340.0774320608325
78.0,-,3,49555.0294,49555.112895,b,1.71233,3.4e-29,5608.764187060835
78.0,+,3,49555.5694,49555.574197,b,1.71233,4.7e-29,5608.302885060832
78.0,-,4,50273.1594,50273.179217,b,1.72574,1.8e-28,4890.697865060836
78.0,+,4,50273.7394,50273.632782,b,1.72575,2.3e-28,4890.244300060833
78.0,-,5,50977.2394,50977.197709,b,1.73961,1.9e-27,4186.679373060833
78.0,+,5,50977.7594,50977.643331,b,1.73962,2.2e-27,4186.233751060834
79.0,-,0,47406.3994,47406.254606,b,1.67502,2.4e-29,7757.622476060831
79.0,+,1,48162.7494,48162.742613,b,1.68729,1.5e-29,7001.134469060831
79.0,-,1,48163.3594,48163.230076,b,1.6873,2e-29,7000.6470060608335
79.0,+,2,48906.8494,48906.921493,b,1.6999,1.6e-29,6256.955589060832
79.0,-,2,48907.4394,48907.401441,b,1.69991,3e-29,6256.475641060832
79.0,+,3,49637.7094,49637.794026,b,1.71291,2.8e-29,5526.08305606083
79.0,-,3,49638.2694,49638.266255,b,1.71292,4.4e-29,5525.610827060831
79.0,+,4,50354.9194,50354.931611,b,1.72636,1.6e-28,4808.945471060833
79.0,-,4,50355.5694,50355.395901,b,1.72637,2e-28,4808.48118106083
79.0,+,5,51058.0994,51058.002188,b,1.74025,1.6e-27,4105.874894060835
79.0,-,5,51058.6294,51058.45833,b,1.74026,1.9e-27,4105.418752060832
80.0,+,0,47492.7894,47492.653324,b,1.67556,2.6e-29,7671.223758060834
80.0,-,1,48248.3294,48248.239155,b,1.68785,1.5e-29,6915.63792706083
80.0,-,2,48991.4794,48991.513842,b,1.70048,1.8e-29,6172.363240060833
80.0,+,2,48991.9994,48992.005006,b,1.70049,2.3e-29,6171.872076060834
80.0,-,3,49721.3794,49721.464492,b,1.71351,3.4e-29,5442.412590060834
80.0,+,3,49721.8494,49721.94774,b,1.71352,4.4e-29,5441.92934206083
80.0,-,4,50437.6794,50437.660671,b,1.72698,1.4e-28,4726.2164110608355
80.0,+,4,50438.2394,50438.135777,b,1.72699,2e-28,4725.74130506083
80.0,-,5,51139.8794,51139.770397,b,1.7409,1.3e-27,4024.106685060833
80.0,+,5,51140.3294,51140.237147,b,1.74091,1.5e-27,4023.6399350608335
81.0,-,0,47580.2694,47580.075355,b,1.67611,2.7e-29,7583.8017270608325
81.0,+,1,48334.7794,48334.747242,b,1.68841,1.7e-29,6829.129840060836
81.0,+,2,49076.9894,49077.105709,b,1.70106,1.6e-29,6086.77137306083
81.0,-,2,49017.6694,49077.608183,b,1.70107,3.2e-29,6086.268899060837
81.0,+,3,49806.0394,49806.122091,b,1.71412,2.7e-29,5357.754991060836
81.0,-,3,49806.5594,49806.616449,b,1.71413,4.6e-29,5357.260633060832
81.0,-,4,50521.9294,50521.850167,b,1.72762,1.7e-28,4642.0269150608365
81.0,-,5,51222.9994,51222.977499,b,1.74156,1.3e-27,3940.899583060833
82.0,+,0,47660.6394,47668.518564,b,1.67666,3.1e-29,7495.358518060835
82.0,-,1,48422.3594,48422.264716,b,1.68898,1.7e-29,6741.6123660608355
82.0,+,1,48422.8494,48422.78669,b,1.68899,2.3e-29,6741.0903920608325
82.0,-,2,49163.6194,49163.694901,b,1.70166,2.1e-29,6000.182181060831
82.0,+,2,49164.1694,49164.208778,b,1.70167,2.6e-29,5999.668304060833
82.0,-,3,49891.6394,49891.764593,b,1.71473,2.6e-29,5272.1124890608335
82.0,+,3,49892.1694,49892.270151,b,1.71474,5.1e-29,5271.606931060836
82.0,+,4,50606.5494,50606.536797,b,1.72826,1.6e-28,4557.340285060833
83.0,-,0,47758.2094,47757.980786,b,1.67723,2.8e-29,7405.896296060833
83.0,+,1,48510.7994,48510.78939,b,1.68956,2e-29,6653.087692060835
83.0,-,1,48511.4794,48511.323055,b,1.68957,2.2e-29,6652.554027060833
83.0,+,2,49251.1594,49251.279197,b,1.70226,1.9e-29,5912.59788506083
83.0,-,2,49251.7894,49251.804568,b,1.70227,3.2e-29,5912.072514060834
83.0,+,3,49978.2194,49978.389737,b,1.71536,3.3e-29,5185.487345060836
83.0,-,3,49978.8694,49978.906584,b,1.71537,4.7e-29,5184.970498060837
83.0,-,4,50692.2594,50692.193362,b,1.72891,1.5e-28,4471.683720060835
83.0,-,5,51391.4294,51391.333511,b,1.7429,8.6e-28,3772.5435710608363
84.0,-,1,48600.4094,48600.319047,b,1.69015,1.7e-29,6563.558035060836
84.0,+,1,48600.9294,48600.864494,b,1.69016,2.4e-29,6563.012588060832
84.0,-,2,49339.7994,49339.856348,b,1.70286,1.7e-29,5824.020734060832
84.0,+,2,49340.3294,49340.3933,b,1.70288,2.6e-29,5823.48378206083
84.0,-,3,50065.8794,50065.995232,b,1.71599,2.7e-29,5097.881850060832
84.0,+,3,50066.4394,50066.523453,b,1.716,4.8e-29,5097.353629060832
85.0,+,1,48690.8194,48690.851442,b,1.69075,1.8e-29,6473.025640060834
85.0,-,1,48691.6194,48691.408762,b,1.69076,3.1e-29,6472.468320060834
85.0,+,2,49429.2994,49429.424072,b,1.70348,2e-29,5734.453010060832
85.0,-,2,49429.9194,49429.972693,b,1.70349,3.7e-29,5733.90438906083
85.0,+,3,50154.4194,50154.578756,b,1.71663,2.8e-29,5009.298326060831
85.0,-,3,50155.1094,50155.118435,b,1.71664,4.3e-29,5008.758647060837
86.0,-,1,48782.4794,48782.384303,b,1.69135,1.8e-29,6381.492779060834
86.0,+,1,48783.0394,48782.953583,b,1.69136,1.8e-29,6380.923499060831
86.0,+,2,49520.4794,49520.540435,b,1.70412,3e-29,5643.336647060831
86.0,-,3,50244.0494,50244.137957,b,1.71728,3.3e-29,4919.739125060834
86.0,+,3,50244.6094,50244.689176,b,1.71729,6.3e-29,4919.1879060608335
87.0,+,2,49611.3694,49611.52197,b,1.70474,3e-29,5552.355112060832
87.0,+,3,50334.4794,50334.67045,b,1.71794,2.7e-29,4829.206632060836
88.0,-,1,48968.5094,48968.44218,b,1.69258,2.3e-29,6195.434902060835
88.0,+,2,49704.6194,49704.631568,b,1.70539,3.8e-29,5459.245514060836
88.0,+,3,50426.6494,50426.748362,b,1.71861,5.6e-29,4737.128720060835
89.0,-,1,49063.7494,49063.568174,b,1.69322,2.6e-29,6100.308908060833
89.0,+,2,49797.4294,49797.554053,b,1.70603,2.3e-29,5366.3230290608335
89.0,+,3,50518.5294,50518.645624,b,1.71928,3.2e-29,4645.231458060836
90.0,-,1,49158.4994,49158.473908,b,1.69385,1.7e-29,6005.403174060833
90.0,+,2,49892.6594,49892.647604,b,1.7067,4.5e-29,5271.229478060835
90.0,+,3,50612.6294,50612.681556,b,1.71998,5.9e-29,4551.19552606083
91.0,+,2,49901.4094,49987.500998,b,1.70736,2.8e-29,5176.37608406083
92.0,-,1,49352.4294,49352.460247,b,1.69514,1.9e-29,5811.416835060831
92.0,+,2,50084.5594,50084.568964,b,1.70805,4.4e-29,5079.308118060835
92.0,+,3,50802.3894,50802.468799,b,1.72137,5.4e-29,4361.408283060831
