rmax,step,J,outer_index,binding_cm,mean_r
80.0,0.005,1,0,12.494110865121158,5.20992727920023
80.0,0.005,1,1,5.370663483056315,6.030504398694717
80.0,0.005,1,2,1.7364940561737243,7.506456997500891
80.0,0.005,1,3,0.3287116260731558,10.535992268422339
80.0,0.005,1,4,0.007724149911544034,23.474527057489553
80.0,0.005,2,0,12.266994660512395,5.213830356016588
80.0,0.005,2,1,5.193725079220915,6.041981516303875
80.0,0.005,2,2,1.6160677095834648,7.546789206541613
80.0,0.005,2,3,0.2635992549521228,10.74271488867183
80.0,0.005,3,0,11.926925819830533,5.219756276521803
80.0,0.005,3,1,4.929474721959339,6.059653205451048
80.0,0.005,3,2,1.4376733829012611,7.610910735559096
80.0,0.005,3,3,0.1704877681575152,11.122029475058714
80.0,0.005,4,0,11.474643186131457,5.227794925809137
80.0,0.005,4,1,4.579351465276451,6.084123416879191
80.0,0.005,4,2,1.2042102615919192,7.704233590761576
80.0,0.005,4,3,0.05639900275352054,11.87892656526552
80.0,0.005,5,0,10.911153264695077,5.238073914456348
80.0,0.005,5,1,4.145365503203913,6.116307296562868
80.0,0.005,5,2,0.9199567853409083,7.83650495046636
80.0,0.005,6,0,10.237750510118358,5.250766497872339
80.0,0.005,6,1,3.6301940574492133,6.157563669690513
80.0,0.005,6,2,0.591130987521408,8.026681363264942
80.0,0.005,7,0,9.456045497478897,5.26610340598036
80.0,0.005,7,1,3.0373300508957266,6.209932322569234
80.0,0.005,7,2,0.2271306179318637,8.319455516235394
80.0,0.005,8,0,8.568003530315437,5.284390566725202
80.0,0.005,8,1,2.3713186417254386,6.276586146759213
80.0,0.005,9,0,7.575997693256831,5.30603617497666
80.0,0.005,9,1,1.638155165465963,6.362783446802381
80.0,0.005,10,0,6.482882818633753,5.331593384897802
80.0,0.005,10,1,0.8460211598123535,6.4782160186393805
80.0,0.005,11,0,5.292101277552447,5.361830747818135
80.0,0.005,11,1,0.006891307553384947,6.6446787749055085
80.0,0.005,12,0,4.007840095215183,5.397855703761708
80.0,0.005,13,0,2.635277090725895,5.441349762530468
80.0,0.005,14,0,1.180997314961561,5.4950726421788865
160.0,0.005,1,0,12.494110865143181,5.2099272791999995
160.0,0.005,1,1,5.370663483038658,6.030504398694735
160.0,0.005,1,2,1.7364940562237163,7.506456997499444
160.0,0.005,1,3,0.32871162607048987,10.535992268421635
160.0,0.005,1,4,0.007728807020707178,23.542991772981814
160.0,0.005,2,0,12.266994660561679,5.213830356016492
160.0,0.005,2,1,5.193725079180362,6.041981516303335
160.0,0.005,2,2,1.6160677096144311,7.546789206547086
160.0,0.005,2,3,0.2635992549376819,10.742714888655719
160.0,0.005,3,0,11.926925819852428,5.219756276522121
160.0,0.005,3,1,4.92947472196632,6.059653205451587
160.0,0.005,3,2,1.4376733829272474,7.610910735554262
160.0,0.005,3,3,0.1704877681989318,11.122029475045235
160.0,0.005,4,0,11.474643186079373,5.2277949258090315
160.0,0.005,4,1,4.579351465255534,6.084123416880697
160.0,0.005,4,2,1.204210261587565,7.70423359075518
160.0,0.005,4,3,0.056399002758339555,11.87892656540429
160.0,0.005,5,0,10.911153264697319,5.238073914456342
160.0,0.005,5,1,4.145365503178026,6.116307296564578
160.0,0.005,5,2,0.9199567853419809,7.8365049504650175
160.0,0.005,6,0,10.237750510138806,5.250766497871943
160.0,0.005,6,1,3.630194057403037,6.157563669690838
160.0,0.005,6,2,0.5911309875315932,8.026681363264844
160.0,0.005,7,0,9.456045497453722,5.266103405980404
160.0,0.005,7,1,3.0373300508757355,6.209932322568023
160.0,0.005,7,2,0.2271306178961077,8.319455516248215
160.0,0.005,8,0,8.568003530296355,5.284390566724831
160.0,0.005,8,1,2.3713186416346757,6.276586146760023
160.0,0.005,9,0,7.5759976932598185,5.306036174976569
160.0,0.005,9,1,1.6381551653879463,6.362783446802247
160.0,0.005,10,0,6.482882818605933,5.331593384897115
160.0,0.005,10,1,0.8460211597992464,6.478216018641348
160.0,0.005,11,0,5.292101277539803,5.361830747817791
160.0,0.005,11,1,0.00689130757988511,6.644678774907722
160.0,0.005,12,0,4.007840095192691,5.3978557037614125
160.0,0.005,13,0,2.6352770907947454,5.441349762530513
160.0,0.005,14,0,1.1809973149872026,5.495072642178728
160.0,0.0025,1,0,12.494091602462639,5.209929656742865
160.0,0.0025,1,1,5.370624845583411,6.03051658665238
160.0,0.0025,1,2,1.736464330401562,7.506490334309655
160.0,0.0025,1,3,0.32870009753533236,10.536075380049613
160.0,0.0025,1,4,0.007727822020316461,23.54370146112678
160.0,0.0025,2,0,12.266975574244633,5.213832736851115
160.0,0.0025,2,1,5.193687095804838,6.041993747378981
160.0,0.0025,2,2,1.6160390318404463,7.546822915359764
160.0,0.0025,2,3,0.2635887662273996,10.742803491629868
160.0,0.0025,3,0,11.926906998067814,5.219758662411786
160.0,0.0025,3,1,4.9294377182160645,6.059665504480115
160.0,0.0025,3,2,1.4376462706726112,7.61094506938636
160.0,0.0025,3,3,0.1704788545562623,11.122130266228826
160.0,0.0025,4,0,11.474624716720026,5.227797318690376
160.0,0.0025,4,1,4.579315765252053,6.084135813243856
160.0,0.0025,4,2,1.204185226369715,7.7042689142781455
160.0,0.0025,4,3,0.056392282548659856,11.879064667563371
160.0,0.0025,5,0,10.911135235157015,5.23807631648991
160.0,0.0025,5,1,4.145331429225931,6.116319826966782
160.0,0.0025,5,2,0.9199343341285713,7.836541862066822
160.0,0.0025,6,0,10.237733007833231,5.250768911553526
160.0,0.0025,6,1,3.6301619299166568,6.1575763825745184
160.0,0.0025,6,2,0.5911116331145274,8.026721025955712
160.0,0.0025,7,0,9.456028609410087,5.26610583427366
160.0,0.0025,7,1,3.037300189294802,6.209945285915201
160.0,0.0025,7,2,0.22711491804243153,8.319500963030148
160.0,0.0025,8,0,8.567987343264482,5.2843930132390025
160.0,0.0025,8,1,2.3712913665701123,6.276599463152045
160.0,0.0025,9,0,7.575982293695599,5.306038644260362
160.0,0.0025,9,1,1.6381308033502804,6.3627972866390206
160.0,0.0025,10,0,6.48286829317591,5.331595882869531
160.0,0.0025,10,1,0.8460000558249363,6.478230709281007
160.0,0.0025,11,0,5.29208771321481,5.361833282492951
160.0,0.0025,11,1,0.006873862418699094,6.644695144581479
160.0,0.0025,12,0,4.007827580006907,5.397858286565033
160.0,0.0025,13,0,2.635265715217965,5.44135241083721
160.0,0.0025,14,0,1.1809871745940346,5.495075385049081
