J,parity,original_rank,observed_cm,state,v,Lambda,Sigma,Omega,input_weight,calculated_cm,residual_cm,matched_rank,calculated_state,calculated_v,calculated_Lambda,calculated_Sigma,calculated_Omega,assignment_matches,mark,duo_weight
6.0,+,166,26838.36566,6,4,1.0,-1.0,0.0,0.64,26838.999914353415,-0.6342543534155993,166,6,4,1.0,0.0,1.0,False,,3.4e-06
6.0,+,167,26865.75341,6,4,1.0,0.0,1.0,0.49,26864.90556170997,0.847848290031834,168,6,4,1.0,-1.0,0.0,False,,2.6e-06
15.0,+,131,27113.84788,6,4,1.0,0.0,1.0,0.04,27113.68420651364,0.16367348636049428,132,6,4,1.0,1.0,2.0,False,,2.2e-07
15.0,+,134,27221.3473,6,4,1.0,1.0,2.0,0.49,27221.28245838407,0.06484161593107274,134,6,4,1.0,0.0,1.0,False,,2.6e-06
16.0,+,244,34373.78064,6,9,1.0,1.0,2.0,0.0015,34375.56233996267,-1.7816999626738834,243,6,9,1.0,0.0,1.0,False,,8.1e-09
16.0,+,250,34476.47633,6,9,1.0,0.0,1.0,0.0033,34476.77537556064,-0.2990455606413889,246,6,9,1.0,1.0,2.0,False,,1.8e-08
17.0,+,196,34475.66188,6,9,1.0,1.0,2.0,0.0059,34475.46458384353,0.19729615646792809,194,6,9,1.0,-1.0,0.0,False,,3.2e-08
17.0,+,199,34528.31376,6,9,1.0,-1.0,0.0,0.0059,34528.02135813482,0.29240186517563416,196,6,9,1.0,1.0,2.0,False,,3.2e-08
18.0,-,16,7539.41504,2,4,-1.0,-1.0,-2.0,1.21,7539.316330039253,0.0987099607464188,16,2,4,-1.0,0.0,-1.0,False,,6.5e-06
19.0,+,197,34584.33802,6,9,1.0,1.0,2.0,0.0059,34584.46031109287,-0.12229109287000028,194,6,9,1.0,-1.0,0.0,False,,3.2e-08
19.0,+,199,34643.20637,6,9,1.0,-1.0,0.0,0.0059,34642.89592255996,0.3104474400388426,196,6,9,1.0,1.0,2.0,False,,3.2e-08
19.0,-,44,12084.24368,2,7,-1.0,0.0,-1.0,0.16,12084.089976513571,0.15370348642863974,44,2,7,-1.0,1.0,0.0,False,,8.6e-07
20.0,+,187,30474.76439,6,6,1.0,0.0,0.0,0.0,30474.347230352854,0.41715964714603615,198,6,6,1.0,0.0,1.0,False,,0.0
21.0,+,195,34705.05099,6,9,1.0,1.0,2.0,0.0033,34705.22515443958,-0.17416443957336014,194,6,9,1.0,-1.0,0.0,False,,1.8e-08
21.0,+,200,34769.75583,6,9,1.0,-1.0,0.0,0.0059,34769.373047291374,0.3827827086279285,196,6,9,1.0,1.0,2.0,False,,3.2e-08
23.0,+,160,30755.63434,6,6,1.0,1.0,2.0,0.0,30756.856959798723,-1.2226197987220075,160,6,6,1.0,-1.0,0.0,False,,0.0
23.0,+,162,30831.26173,6,6,1.0,-1.0,0.0,0.09,30831.105620980594,0.15610901940453914,162,6,6,1.0,1.0,2.0,False,,4.8e-07
25.0,+,160,30911.1474,6,6,1.0,1.0,2.0,0.01,30911.745295863024,-0.5978958630221314,160,6,6,1.0,-1.0,0.0,False,,5.4e-08
25.0,+,162,30993.0565,6,6,1.0,-1.0,0.0,0.01,30992.843531205643,0.21296879435612937,162,6,6,1.0,1.0,2.0,False,,5.4e-08
26.0,+,231,33782.94465,6,8,1.0,1.0,2.0,0.0,33782.63092936087,0.3137206391256768,230,6,8,1.0,-1.0,0.0,False,,0.0
26.0,+,233,33863.64052,6,8,1.0,-1.0,0.0,0.04,33863.17357758632,0.4669424136809539,232,6,8,1.0,1.0,2.0,False,,2.2e-07
27.0,+,160,31079.1661,6,6,1.0,1.0,2.0,0.01,31079.59605270988,-0.42995270988103584,160,6,6,1.0,-1.0,0.0,False,,5.4e-08
27.0,+,163,31167.4415,6,6,1.0,-1.0,0.0,0.01,31167.37726740799,0.0642325920125586,163,6,6,1.0,1.0,2.0,False,,5.4e-08
29.0,+,160,31259.54133,6,6,1.0,1.0,2.0,0.01,31259.755992507264,-0.21466250726371072,160,6,6,1.0,-1.0,0.0,False,,5.4e-08
29.0,+,163,31354.17483,6,6,1.0,-1.0,0.0,0.04,31354.104937905864,0.0698920941358665,163,6,6,1.0,1.0,2.0,False,,2.2e-07
31.0,+,150,30054.70808,6,5,1.0,1.0,2.0,0.04,30062.212058376066,-7.503978376065788,150,6,5,1.0,1.0,2.0,True,*,2.2e-07
31.0,+,161,31452.37564,6,6,1.0,1.0,2.0,0.0,31453.465290464075,-1.0896504640768399,161,6,6,1.0,-1.0,0.0,False,,0.0
31.0,+,162,31553.33328,6,6,1.0,-1.0,0.0,0.0,31553.274265508295,0.059014491704147076,162,6,6,1.0,1.0,2.0,False,,0.0
32.0,+,152,26904.50753,6,3,1.0,1.0,2.0,0.04,26904.427684932445,0.07984506755383336,152,6,3,1.0,-1.0,0.0,False,,2.2e-07
32.0,+,155,27016.312,6,3,1.0,-1.0,0.0,0.04,27014.868075091134,1.4439249088682118,155,6,3,1.0,1.0,2.0,False,,2.2e-07
32.0,+,230,34220.00163,6,8,1.0,0.0,1.0,0.0,34234.33984764622,-14.338217646218254,230,6,8,1.0,0.0,1.0,True,*,0.0
33.0,+,161,31658.29195,6,6,1.0,1.0,2.0,0.0,31658.757958363145,-0.46600836314610206,161,6,6,1.0,-1.0,0.0,False,,0.0
33.0,+,162,31758.72324,6,6,1.0,-1.0,0.0,0.0,31764.79072884814,-6.067488848140783,162,6,6,1.0,1.0,2.0,False,,0.0
34.0,+,155,27245.87229,6,3,1.0,1.0,2.0,0.01,27232.55387842505,13.318411574950005,155,4,15,0.0,0.0,0.0,False,*,5.4e-08
34.0,+,205,31869.22433,6,6,1.0,1.0,2.0,0.01,31876.84787632716,-7.623546327158692,205,6,6,1.0,1.0,2.0,True,*,5.4e-08
35.0,+,121,27245.43283,6,3,1.0,1.0,2.0,0.0,27232.77716562564,12.65566437436064,121,4,15,0.0,1.0,1.0,False,*,0.0
35.0,+,150,30498.22148,6,5,1.0,1.0,2.0,0.0,30490.436776763767,7.784703236233327,150,4,18,0.0,1.0,1.0,False,*,0.0
36.0,+,151,27244.0109,6,3,1.0,0.0,1.0,0.0,27232.51764636967,11.49325363033131,151,4,15,0.0,1.0,1.0,False,*,0.0
37.0,+,122,27488.05536,6,3,1.0,1.0,2.0,0.04,27490.127312263732,-2.0719522637336922,122,6,3,1.0,-1.0,0.0,False,,2.2e-07
37.0,+,124,27613.95247,6,3,1.0,-1.0,0.0,0.01,27614.930554451275,-0.9780844512752083,125,6,3,1.0,1.0,2.0,False,,5.4e-08
37.0,+,151,30738.78574,6,5,1.0,1.0,2.0,0.0,30747.147112294708,-8.361372294708417,151,6,5,1.0,1.0,2.0,True,*,0.0
39.0,+,122,27743.63624,6,3,1.0,1.0,2.0,0.01,27744.815314881067,-1.1790748810672085,122,6,3,1.0,-1.0,0.0,False,,5.4e-08
42.0,+,174,29867.03106,6,4,1.0,1.0,2.0,0.0,29879.674939061933,-12.643879061932239,174,2,20,1.0,0.0,1.0,False,*,0.0
51.0,+,85,24575.12502,6,0,1.0,1.0,2.0,36.0,24575.910446877962,-0.785426877962891,85,6,0,1.0,-1.0,0.0,False,,0.00019
51.0,+,87,24751.05694,6,0,1.0,-1.0,0.0,16.0,24750.96054380781,0.09639619218796724,87,6,0,1.0,1.0,2.0,False,,8.6e-05
57.0,+,87,25689.78073,6,0,1.0,1.0,2.0,16.0,25689.8073667905,-0.02663679050237988,87,6,0,1.0,-1.0,0.0,False,,8.6e-05
57.0,+,89,25885.252,6,0,1.0,-1.0,0.0,9.0,25885.104794424136,0.14720557586406358,89,6,0,1.0,1.0,2.0,False,,4.8e-05
59.0,+,87,26087.37641,6,0,1.0,1.0,2.0,9.0,26087.378356524343,-0.001946524342201883,87,6,0,1.0,-1.0,0.0,False,,4.8e-05
59.0,+,89,26289.10376,6,0,1.0,-1.0,0.0,16.0,26288.940065140596,0.1636948594059504,89,6,0,1.0,1.0,2.0,False,,8.6e-05
61.0,+,88,26497.75407,6,0,1.0,1.0,2.0,9.0,26497.75410315824,-3.315824142191559e-05,88,6,0,1.0,-1.0,0.0,False,,4.8e-05
61.0,+,89,26705.71229,6,0,1.0,-1.0,0.0,16.0,26705.54026565946,0.17202434053979232,89,6,0,1.0,1.0,2.0,False,,8.6e-05
63.0,+,88,26920.89975,6,0,1.0,1.0,2.0,4.0,26920.85285012665,0.046899873352231225,88,6,0,1.0,-1.0,0.0,False,,2.2e-05
63.0,+,89,27135.00737,6,0,1.0,-1.0,0.0,16.0,27134.824339419472,0.18303058052697452,89,6,0,1.0,1.0,2.0,False,,8.6e-05
65.0,+,88,27357.61776,6,0,1.0,1.0,2.0,9.0,27356.58914709449,1.0286129055093625,88,6,0,1.0,-1.0,0.0,False,,4.8e-05
65.0,+,89,27576.87667,6,0,1.0,-1.0,0.0,9.0,27576.708320299294,0.16834970070704003,89,6,0,1.0,1.0,2.0,False,,4.8e-05
67.0,+,88,27805.94656,6,0,1.0,1.0,2.0,16.0,27804.866747668962,1.0798123310378287,88,6,0,1.0,-1.0,0.0,False,,8.6e-05
67.0,+,90,28031.28266,6,0,1.0,-1.0,0.0,9.0,28031.10507880715,0.17758119284917484,90,6,0,1.0,1.0,2.0,False,,4.8e-05
69.0,+,88,28265.65955,6,0,1.0,1.0,2.0,1.0,28265.34125517104,0.3182948289613705,88,6,0,1.0,-1.0,0.0,False,,5.4e-06
69.0,+,90,28498.09166,6,0,1.0,-1.0,0.0,4.0,28497.896666066456,0.19499393354271888,90,6,0,1.0,1.0,2.0,False,,2.2e-05
71.0,+,89,28738.99455,6,0,1.0,1.0,2.0,4.0,28738.897618900242,0.09693109975705738,89,6,0,1.0,-1.0,0.0,False,,2.2e-05
73.0,+,89,29224.46155,6,0,1.0,1.0,2.0,4.0,29224.144505812328,0.31704418767185416,89,6,0,1.0,-1.0,0.0,False,,2.2e-05
75.0,+,91,29722.12455,6,0,1.0,1.0,2.0,4.0,29721.93898153953,0.18556846047067665,91,6,0,1.0,-1.0,0.0,False,,2.2e-05
77.0,+,91,30231.87455,6,0,1.0,1.0,2.0,4.0,30231.633336706072,0.24121329392801272,91,6,0,1.0,-1.0,0.0,False,,2.2e-05
79.0,+,92,30753.60655,6,0,1.0,1.0,2.0,4.0,30753.32419132446,0.28235867554030847,92,6,0,1.0,-1.0,0.0,False,,2.2e-05
81.0,+,93,31287.22355,6,0,1.0,1.0,2.0,4.0,31286.89813356391,0.3254164360878349,93,6,0,1.0,-1.0,0.0,False,,2.2e-05
83.0,+,93,31832.80855,6,0,1.0,1.0,2.0,4.0,31832.23584555211,0.5727044478917378,93,6,0,1.0,-1.0,0.0,False,,2.2e-05
85.0,+,93,32390.09955,6,0,1.0,1.0,2.0,4.0,32389.630894852544,0.4686551474551379,94,6,0,1.0,-1.0,0.0,False,,2.2e-05
87.0,+,94,32958.81255,6,0,1.0,1.0,2.0,1.0,32957.89712929091,0.9154207090905402,94,6,0,1.0,-1.0,0.0,False,,5.4e-06
