J,parity,v,observed,calculated,flag,mean_r,tail_probability,below_dissociation
1.0,+,0,43950.2994,43948.514072,b,1.67485,2.2e-26,True
1.0,-,0,43950.3094,43948.514229,b,1.67485,1.7e-23,True
1.0,+,1,44742.1894,44754.112779,b,1.68601,1e-25,True
1.0,-,1,44742.1394,44754.112933,b,1.68601,1.3e-22,True
1.0,+,2,45521.3694,45542.403112,b,1.69706,4e-25,True
1.0,-,2,45521.4694,45542.403265,b,1.69706,4.6e-22,True
1.0,+,4,47041.8194,47071.081966,b,1.7184,1e-24,True
1.0,-,4,47041.8094,47071.082115,b,1.7184,1.3e-21,True
2.0,-,0,43952.5494,43950.674573,b,1.67486,1.2e-25,True
2.0,+,0,43952.5394,43950.675043,b,1.67486,5.1e-23,True
2.0,-,1,44744.3494,44756.253377,b,1.68602,9.7e-25,True
2.0,+,1,44744.3594,44756.25384,b,1.68602,4e-22,True
2.0,-,2,45523.6394,45544.524594,b,1.69708,1e-23,True
2.0,+,2,45523.6594,45544.525051,b,1.69708,1.4e-21,True
2.0,-,3,46290.2794,46315.914032,b,1.70779,4.6e-23,True
2.0,+,3,46290.2894,46315.914485,b,1.70779,2.8e-21,True
2.0,-,4,47043.9394,47073.168412,b,1.71841,1.6e-22,True
2.0,+,4,47043.9594,47073.168859,b,1.71841,3.9e-21,True
2.0,-,5,47784.2594,47818.576919,b,1.73022,4.6e-22,True
2.0,-,6,48511.2194,48551.929798,b,1.74395,8.4e-22,True
3.0,+,0,43955.8394,43953.915267,b,1.67488,6.5e-25,True
3.0,-,0,43955.8494,43953.916207,b,1.67488,1e-22,True
3.0,+,1,44747.6394,44759.464215,b,1.68604,5.4e-24,True
3.0,-,1,44747.6594,44759.465141,b,1.68604,8.2e-22,True
3.0,+,2,45526.9294,45547.706753,b,1.6971,6e-23,True
3.0,-,2,45526.9094,45547.707668,b,1.6971,2.8e-21,True
3.0,+,3,46293.4994,46319.069484,b,1.70781,2.8e-22,True
3.0,-,3,46293.5194,46319.070389,b,1.70781,5.9e-21,True
3.0,+,4,47047.1494,47076.298017,b,1.71843,9.8e-22,True
3.0,-,4,47047.1694,47076.298913,b,1.71843,8.5e-21,True
3.0,+,5,47787.4394,47821.676764,b,1.73024,2.9e-21,True
3.0,-,5,47787.4194,47821.677648,b,1.73024,6.2e-21,True
3.0,-,6,48513.9294,48554.994323,b,1.74397,5.2e-21,True
4.0,-,0,43960.2794,43958.236085,b,1.6749,2e-24,True
4.0,+,0,43960.2794,43958.237651,b,1.6749,1.7e-22,True
4.0,-,1,44752.0094,44763.74522,b,1.68606,1.7e-23,True
4.0,+,1,44751.9994,44763.746764,b,1.68606,1.4e-21,True
4.0,-,2,45531.2594,45551.949518,b,1.69712,1.9e-22,True
4.0,+,2,45531.2594,45551.951042,b,1.69712,4.9e-21,True
4.0,-,3,46297.8194,46323.276635,b,1.70784,9.1e-22,True
4.0,+,3,46297.7994,46323.278143,b,1.70784,1e-20,True
4.0,-,4,47051.4094,47080.470707,b,1.71846,3.2e-21,True
4.0,+,4,47051.3794,47080.4722,b,1.71846,1.6e-20,True
4.0,-,5,47791.6394,47825.809776,b,1.73027,9.3e-21,True
4.0,+,5,47791.6294,47825.811248,b,1.73027,1.5e-20,True
4.0,-,6,48518.4694,48559.078223,b,1.744,1.7e-20,True
4.0,+,6,48518.1494,48559.079666,b,1.744,1.7e-20,True
5.0,+,0,43965.8094,43963.636934,b,1.67493,5e-24,True
5.0,-,0,43965.8094,43963.639283,b,1.67493,2.7e-22,True
5.0,+,1,44757.4794,44769.096298,b,1.6861,4.2e-23,True
5.0,-,1,44757.4894,44769.098614,b,1.6861,2.1e-21,True
5.0,+,2,45536.6994,45557.252786,b,1.69716,4.7e-22,True
5.0,-,2,45536.6994,45557.255073,b,1.69716,7.6e-21,True
5.0,+,3,46303.1694,46328.535385,b,1.70787,2.2e-21,True
5.0,-,3,46303.1694,46328.537646,b,1.70787,1.6e-20,True
5.0,+,4,47056.6894,47085.686382,b,1.71849,7.7e-21,True
5.0,-,4,47056.7294,47085.68862,b,1.71849,2.7e-20,True
5.0,+,5,47796.8694,47830.975854,b,1.7303,2.3e-20,True
5.0,-,5,47796.8594,47830.978062,b,1.7303,3.1e-20,True
5.0,+,6,48523.6794,48564.184001,b,1.74404,4.2e-20,True
5.0,-,6,48523.3994,48564.186166,b,1.74404,4.2e-20,True
6.0,-,0,43972.4594,43970.1177,b,1.67497,1e-23,True
6.0,+,0,43972.4694,43970.120988,b,1.67497,3.8e-22,True
6.0,-,1,44764.0794,44775.517329,b,1.68613,8.7e-23,True
6.0,+,1,44764.0794,44775.52057,b,1.68613,3e-21,True
6.0,-,2,45543.2094,45563.616436,b,1.6972,9.8e-22,True
6.0,+,2,45543.2194,45563.619636,b,1.6972,1.1e-20,True
6.0,-,3,46309.6294,46334.845606,b,1.70792,4.6e-21,True
6.0,+,3,46309.5894,46334.848771,b,1.70792,2.5e-20,True
6.0,-,4,47063.1094,47091.944915,b,1.71854,1.6e-20,True
6.0,+,4,47063.0694,47091.948048,b,1.71854,4.3e-20,True
6.0,-,5,47803.1494,47837.174875,b,1.73035,4.7e-20,True
6.0,+,5,47803.1594,47837.177966,b,1.73035,5.9e-20,True
6.0,-,6,48529.9694,48570.310672,b,1.74408,8.6e-20,True
6.0,+,6,48529.6294,48570.313703,b,1.74408,8.6e-20,True
7.0,+,0,43980.2194,43977.678244,b,1.67501,1.9e-23,True
7.0,-,0,43980.2194,43977.682627,b,1.67501,5.2e-22,True
7.0,+,1,44771.7694,44783.008169,b,1.68618,1.6e-22,True
7.0,-,1,44771.7694,44783.01249,b,1.68618,4.1e-21,True
7.0,+,2,45550.7794,45571.040317,b,1.69724,1.8e-21,True
7.0,-,2,45550.8394,45571.044584,b,1.69724,1.5e-20,True
7.0,+,3,46317.1194,46342.207148,b,1.70796,8.4e-21,True
7.0,-,3,46317.1494,46342.211368,b,1.70796,3.6e-20,True
7.0,+,4,47070.5294,47099.246156,b,1.71858,2.9e-20,True
7.0,-,4,47010.5494,47099.250333,b,1.71858,6.6e-20,True
7.0,+,5,47810.5394,47844.40669,b,1.73039,8.6e-20,True
7.0,-,5,47810.5694,47844.410811,b,1.73039,1e-19,True
7.0,+,6,48537.2194,48577.458092,b,1.74413,1.6e-19,True
8.0,-,0,43989.0594,43986.318405,b,1.67506,3.1e-23,True
8.0,+,0,43984.0694,43986.32404,b,1.67506,6.8e-22,True
8.0,-,1,44780.5194,44791.568651,b,1.68623,2.6e-22,True
8.0,+,1,44780.5194,44791.574207,b,1.68623,5.4e-21,True
8.0,-,2,45559.5094,45579.524257,b,1.6973,3e-21,True
8.0,+,2,45559.4794,45579.529741,b,1.6973,2.1e-20,True
8.0,-,3,46325.7394,46350.619833,b,1.70802,1.4e-20,True
8.0,+,3,46325.6894,46350.625258,b,1.70802,4.9e-20,True
8.0,-,4,47079.0594,47107.58993,b,1.71864,4.9e-20,True
8.0,+,4,47079.0094,47107.5953,b,1.71864,9.7e-20,True
8.0,-,5,47818.9394,47852.671125,b,1.73045,1.4e-19,True
8.0,+,5,47818.9094,47852.676422,b,1.73045,1.7e-19,True
8.0,-,6,48545.5994,48585.626094,b,1.74418,2.7e-19,True
8.0,+,6,48545.1894,48585.631288,b,1.74418,2.6e-19,True
9.0,+,0,43999.0294,43996.037999,b,1.67511,4.9e-23,True
9.0,-,0,43999.0394,43996.045041,b,1.67511,8.7e-22,True
9.0,+,1,44790.3994,44801.198585,b,1.68628,4.2e-22,True
9.0,-,1,44790.3994,44801.205528,b,1.68628,6.9e-21,True
9.0,+,2,45569.2794,45589.068056,b,1.69736,4.7e-21,True
9.0,-,2,45569.2594,45589.07491,b,1.69736,2.7e-20,True
9.0,+,3,46335.3794,46360.08346,b,1.70808,2.2e-20,True
9.0,-,3,46335.3994,46360.090239,b,1.70808,6.7e-20,True
9.0,+,4,47088.5794,47116.976034,b,1.7187,7.7e-20,True
9.0,-,4,47088.6294,47116.982745,b,1.7187,1.4e-19,True
9.0,+,5,47828.3794,47861.967981,b,1.73051,2.3e-19,True
9.0,-,5,47828.4194,47861.974601,b,1.73052,2.5e-19,True
9.0,+,6,48554.8894,48594.814486,b,1.74425,4.2e-19,True
9.0,-,6,48554.5694,48594.820977,b,1.74425,4.2e-19,True
10.0,-,0,44010.1194,44006.836818,b,1.67517,7.4e-23,True
10.0,+,0,44010.1194,44006.845423,b,1.67517,1.1e-21,True
10.0,-,1,44801.3494,44811.897756,b,1.68635,6.3e-22,True
10.0,+,1,44801.3594,44811.90624,b,1.68635,8.6e-21,True
10.0,-,2,45580.0794,45599.671491,b,1.69742,7.1e-21,True
10.0,+,2,45580.0994,45599.679866,b,1.69742,3.5e-20,True
10.0,-,3,46346.1294,46370.5978,b,1.70815,3.4e-20,True
10.0,-,4,47099.2294,47127.404244,b,1.71877,1.2e-19,True
10.0,+,4,47099.2194,47127.412445,b,1.71877,1.9e-19,True
10.0,-,5,47838.9094,47872.297035,b,1.73059,3.4e-19,True
10.0,+,5,47838.8994,47872.305124,b,1.73059,3.8e-19,True
10.0,-,6,48565.3594,48605.023052,b,1.74432,6.4e-19,True
10.0,+,6,48564.9594,48605.030984,b,1.74432,6.4e-19,True
11.0,+,0,44022.2994,44018.714632,b,1.67524,1.1e-22,True
11.0,-,0,44022.2894,44018.724956,b,1.67524,1.3e-21,True
11.0,+,1,44813.3894,44823.665924,b,1.68642,9.2e-22,True
11.0,-,1,44813.3994,44823.676103,b,1.68642,1e-20,True
11.0,-,2,45592.0294,45611.344362,b,1.6975,4.3e-20,True
11.0,+,3,46357.9394,46382.162602,b,1.70823,4.9e-20,True
11.0,-,3,46357.1694,46382.172541,b,1.70823,1.1e-19,True
11.0,+,4,47110.8894,47138.874308,b,1.71885,1.7e-19,True
11.0,-,4,47110.9194,47138.884146,b,1.71885,2.6e-19,True
11.0,+,5,47850.4694,47883.658037,b,1.73066,5e-19,True
11.0,-,5,47850.4694,47883.667742,b,1.73066,5.4e-19,True
11.0,+,6,48576.7794,48616.251553,b,1.7444,9.4e-19,True
11.0,-,6,48576.3694,48616.261069,b,1.7444,9.3e-19,True
12.0,-,0,44035.5694,44031.671187,b,1.67531,1.5e-22,True
12.0,+,0,44035.5794,44031.683385,b,1.67531,1.6e-21,True
12.0,-,1,44826.5494,44836.502828,b,1.68649,1.3e-21,True
12.0,+,1,44826.5694,44836.514854,b,1.68649,1.3e-20,True
12.0,-,2,45605.0594,45624.056253,b,1.69758,1.5e-20,True
12.0,+,2,45605.0694,45624.068124,b,1.69758,5.4e-20,True
12.0,-,3,46370.8494,46394.777588,b,1.70831,6.9e-20,True
12.0,+,3,46370.8494,46394.78933,b,1.70831,1.5e-19,True
12.0,-,4,47123.6494,47151.385949,b,1.71893,2.4e-19,True
12.0,+,4,47123.6594,47151.397573,b,1.71893,3.5e-19,True
12.0,-,5,47863.0994,47896.050715,b,1.73075,7.1e-19,True
12.0,+,5,47863.0794,47896.062181,b,1.73075,7.6e-19,True
12.0,-,6,48589.3194,48628.499724,b,1.74448,1.3e-18,True
12.0,+,6,48588.8694,48628.510969,b,1.74448,1.3e-18,True
13.0,+,0,44049.9594,44045.706207,b,1.67539,2.1e-22,True
13.0,-,0,44049.9794,44045.720434,b,1.67539,1.9e-21,True
13.0,+,1,44840.8094,44850.40818,b,1.68657,1.7e-21,True
13.0,-,1,44840.8094,44850.422206,b,1.68657,1.5e-20,True
13.0,+,2,45619.1594,45637.837009,b,1.69766,2e-20,True
13.0,-,2,45619.1594,45637.850855,b,1.69766,6.5e-20,True
13.0,+,3,46384.7794,46408.442453,b,1.7084,9.4e-20,True
13.0,-,3,46384.7994,46408.456149,b,1.7084,1.8e-19,True
13.0,+,4,47137.4394,47164.938865,b,1.71902,3.3e-19,True
13.0,-,4,47137.4694,47164.952422,b,1.71902,4.5e-19,True
13.0,+,5,47876.7394,47909.474768,b,1.73084,9.7e-19,True
13.0,-,5,47876.7194,47909.488142,b,1.73084,1e-18,True
13.0,+,6,48602.9194,48641.767279,b,1.74457,1.8e-18,True
13.0,-,6,48602.3494,48641.780394,b,1.74457,1.8e-18,True
14.0,-,0,44065.4594,44060.819393,b,1.67547,2.8e-22,True
14.0,+,0,44065.4794,44060.835804,b,1.67547,2.2e-21,True
14.0,-,1,44856.1594,44865.38167,b,1.68666,2.3e-21,True
14.0,+,1,44856.1694,44865.39785,b,1.68666,1.7e-20,True
14.0,-,2,45646.1294,45652.676259,b,1.69776,2.6e-20,True
14.0,+,2,45634.3694,45652.692231,b,1.69776,7.9e-20,True
14.0,-,3,46399.7294,46423.156871,b,1.70849,1.2e-19,True
14.0,+,3,46399.8294,46423.172669,b,1.70849,2.3e-19,True
14.0,-,4,47152.3294,47179.532729,b,1.71912,4.4e-19,True
14.0,+,4,47152.3594,47179.548368,b,1.71912,5.8e-19,True
14.0,-,5,47891.4594,47923.929872,b,1.73094,1.3e-18,True
14.0,+,5,47891.4194,47923.945299,b,1.73094,1.4e-18,True
14.0,-,6,48617.1894,48656.053904,b,1.74467,2.4e-18,True
15.0,+,0,44082.0594,44077.010421,b,1.67556,3.6e-22,True
15.0,-,0,44082.0794,44077.029171,b,1.67556,2.5e-21,True
15.0,+,1,44872.5994,44881.422964,b,1.68676,3e-21,True
15.0,-,1,44872.5994,44881.441449,b,1.68676,2e-20,True
15.0,+,2,45650.6094,45668.573657,b,1.69785,3.4e-20,True
15.0,-,2,45650.6294,45668.591905,b,1.69786,9.4e-20,True
15.0,+,3,46415.9094,46438.920488,b,1.7086,1.6e-19,True
15.0,-,3,46415.9594,46438.938536,b,1.7086,2.8e-19,True
15.0,+,4,47168.2694,47195.16719,b,1.71923,5.7e-19,True
15.0,-,4,47168.2994,47195.185056,b,1.71923,7.4e-19,True
15.0,+,5,47907.2094,47939.415679,b,1.73105,1.7e-18,True
15.0,-,5,47907.1494,47939.433304,b,1.73105,1.8e-18,True
15.0,+,6,48633.1294,48671.359263,b,1.74478,3.2e-18,True
15.0,-,6,48632.4994,48671.376547,b,1.74478,3.1e-18,True
16.0,-,0,44099.7594,44094.278946,b,1.67566,4.7e-22,True
16.0,+,0,44099.7694,44094.30019,b,1.67566,2.9e-21,True
16.0,-,1,44890.0994,44898.531703,b,1.68686,3.9e-21,True
16.0,+,1,44890.1594,44898.552646,b,1.68686,2.3e-20,True
16.0,-,2,45667.9494,45685.528831,b,1.69796,4.5e-20,True
16.0,+,2,45667.9894,45685.549504,b,1.69796,1.1e-19,True
16.0,-,3,46433.1294,46455.732923,b,1.70871,2.1e-19,True
16.0,+,3,46433.1294,46455.753371,b,1.70871,3.4e-19,True
16.0,-,4,47185.2594,47211.841868,b,1.71934,7.4e-19,True
16.0,+,4,47185.2894,47211.86211,b,1.71934,9.3e-19,True
16.0,-,5,47924.0394,47955.931814,b,1.73116,2.2e-18,True
16.0,+,5,47923.7994,47955.951782,b,1.73116,2.3e-18,True
16.0,-,6,48649.8594,48687.682996,b,1.74489,4.1e-18,True
16.0,+,6,48649.1294,48687.702577,b,1.74489,4.1e-18,True
17.0,+,0,44118.5594,44112.624599,b,1.67576,5.9e-22,True
17.0,-,0,44118.5794,44112.64849,b,1.67576,3.3e-21,True
17.0,+,1,44908.7294,44916.707506,b,1.68696,4.9e-21,True
17.0,-,1,44908.7294,44916.731059,b,1.68697,2.7e-20,True
17.0,+,2,45686.3894,45703.541383,b,1.69807,5.6e-20,True
17.0,-,2,45686.4494,45703.564632,b,1.69808,1.3e-19,True
17.0,+,3,46451.3294,46473.593775,b,1.70882,2.7e-19,True
17.0,-,3,46451.3794,46473.616769,b,1.70882,4.2e-19,True
17.0,+,4,47203.3094,47229.556362,b,1.71946,9.4e-19,True
17.0,-,4,47203.3294,47229.579125,b,1.71946,1.2e-18,True
17.0,+,5,47941.8594,47973.477875,b,1.73128,2.8e-18,True
17.0,-,5,47941.99,47973.500331,b,1.73128,2.9e-18,True
17.0,+,6,48667.5794,48705.024715,b,1.74501,5.3e-18,True
17.0,-,6,48666.7794,48705.046737,b,1.74501,5.3e-18,True
18.0,-,0,44138.4694,44132.046988,b,1.67586,7.4e-22,True
18.0,+,0,44138.4994,44132.073681,b,1.67586,3.8e-21,True
18.0,-,1,44928.4394,44935.949967,b,1.68708,6e-21,True
18.0,+,1,44928.4694,44935.976281,b,1.68708,3e-20,True
18.0,-,2,45705.9094,45722.610893,b,1.69819,7e-20,True
18.0,+,2,45705.9594,45722.636867,b,1.69819,1.6e-19,True
18.0,-,3,46470.6694,46492.502612,b,1.70895,3.3e-19,True
18.0,+,3,46470.6794,46492.528302,b,1.70895,5e-19,True
18.0,-,4,47222.4194,47248.310242,b,1.71958,1.2e-18,True
18.0,+,4,47222.4494,47248.335674,b,1.71958,1.4e-18,True
18.0,-,5,47960.7894,47992.053439,b,1.73141,3.5e-18,True
18.0,+,5,47960.78,47992.078526,b,1.73141,3.6e-18,True
18.0,-,6,48686.4094,48723.384013,b,1.74514,6.6e-18,True
18.0,+,6,48685.4594,48723.408616,b,1.74514,6.6e-18,True
19.0,+,0,44159.4994,44152.545699,b,1.67598,9e-22,True
19.0,-,0,44159.5194,44152.575346,b,1.67598,4.3e-21,True
19.0,+,1,44949.2594,44956.258655,b,1.6872,7.4e-21,True
19.0,-,1,44949.2794,44956.287882,b,1.6872,3.5e-20,True
19.0,+,2,45726.5094,45742.736913,b,1.69832,8.6e-20,True
19.0,-,2,45726.5394,45742.765761,b,1.69832,1.9e-19,True
19.0,+,3,46491.0294,46512.458982,b,1.70908,4.1e-19,True
19.0,-,3,46491.0694,46512.487514,b,1.70908,5.9e-19,True
19.0,+,4,47242.5694,47268.103055,b,1.71971,1.4e-18,True
19.0,-,4,47242.6194,47268.1313,b,1.71972,1.7e-18,True
19.0,+,5,47980.7094,48011.658052,b,1.73154,4.3e-18,True
19.0,-,5,47980.71,48011.685916,b,1.73154,4.4e-18,True
19.0,+,6,48706.2494,48742.760454,b,1.74527,8.2e-18,True
19.0,-,6,48705.2194,48742.787779,b,1.74527,8.1e-18,True
20.0,-,0,44181.6194,44174.120293,b,1.6761,1.1e-21,True
20.0,+,0,44181.6394,44174.153048,b,1.6761,4.9e-21,True
20.0,-,1,44971.1594,44977.633118,b,1.68732,8.9e-21,True
20.0,+,1,44971.1694,44977.665408,b,1.68732,4e-20,True
20.0,-,2,45748.1894,45763.918973,b,1.69845,1e-19,True
20.0,+,2,45748.2194,45763.950844,b,1.69845,2.2e-19,True
20.0,-,3,46512.4994,46533.462404,b,1.70922,5e-19,True
20.0,+,3,46512.5494,46533.493925,b,1.70922,6.9e-19,True
20.0,-,4,47263.7994,47288.934321,b,1.71985,1.7e-18,True
20.0,+,4,47263.8394,47288.965526,b,1.71986,2.1e-18,True
20.0,-,5,48001.7294,48032.291239,b,1.73169,5.3e-18,True
20.0,+,5,48001.69,48032.322022,b,1.73169,5.5e-18,True
20.0,-,6,48725.3994,48763.153579,b,1.74541,1e-17,True
20.0,+,6,48725.9694,48763.183768,b,1.74541,1e-17,True
21.0,+,0,44204.8294,44196.770309,b,1.67622,1.3e-21,True
21.0,-,0,44204.8394,44196.806324,b,1.67622,5.6e-21,True
21.0,+,1,44994.1294,45000.072877,b,1.68746,1.1e-20,True
21.0,-,1,44994.1594,45000.10838,b,1.68746,4.5e-20,True
21.0,+,2,45770.9194,45786.156577,b,1.69859,1.3e-19,True
21.0,-,2,45770.9694,45786.19162,b,1.69859,2.3e-19,True
21.0,+,3,46535.0094,46555.512373,b,1.70936,6e-19,True
21.0,-,3,46535.0694,46555.54703,b,1.70936,8e-19,True
21.0,+,4,47286.0694,47310.803536,b,1.72,2.1e-18,True
21.0,-,4,47286.1394,47310.837846,b,1.72,2.6e-18,True
21.0,+,5,48023.7494,48053.952497,b,1.73184,6.4e-18,True
21.0,-,5,48023.71,48053.986343,b,1.73184,6.6e-18,True
21.0,+,6,48747.2294,48784.562904,b,1.74556,1.2e-17,True
21.0,-,6,48747.7794,48784.596098,b,1.74556,1.2e-17,True
22.0,-,0,44229.1494,44220.495262,b,1.67635,1.6e-21,True
22.0,+,0,44229.1694,44220.53469,b,1.67636,6.2e-21,True
22.0,-,1,45018.2094,45023.577431,b,1.6876,1.3e-20,True
22.0,+,1,45018.2294,45023.616298,b,1.6876,5e-20,True
22.0,-,2,45794.7694,45809.449205,b,1.69874,1.5e-19,True
22.0,+,2,45794.7994,45809.487567,b,1.69874,2.8e-19,True
22.0,-,3,46558.6194,46578.608359,b,1.70951,7.2e-19,True
22.0,+,3,46558.6294,46578.646299,b,1.70951,2.1e-18,True
22.0,-,4,47309.4194,47333.710169,b,1.72016,2.6e-18,True
22.0,+,4,47309.4394,47333.747728,b,1.72016,2.7e-18,True
22.0,-,5,48046.8194,48076.641298,b,1.73199,7.7e-18,True
22.0,+,5,48070.9,48076.678349,b,1.73199,7.9e-18,True
22.0,-,6,48770.1094,48806.987921,b,1.74572,1.5e-17,True
22.0,+,6,48770.5494,48807.024259,b,1.74572,1.5e-17,True
23.0,+,0,44254.5594,44245.294646,b,1.67649,1.9e-21,True
23.0,-,0,44254.6094,44245.337639,b,1.67649,6.9e-21,True
23.0,+,1,45043.3994,45048.146255,b,1.68774,1.5e-20,True
23.0,-,1,45043.4094,45048.188635,b,1.68774,5.6e-20,True
23.0,+,2,45819.6794,45833.796311,b,1.69889,1.8e-19,True
23.0,-,2,45819.7194,45833.83814,b,1.69889,3.2e-19,True
23.0,+,3,46583.2494,46602.749807,b,1.70967,8.6e-19,True
23.0,-,3,46583.2894,46602.791176,b,1.70967,1.2e-18,True
23.0,+,4,47333.7894,47357.653664,b,1.72032,3e-18,True
23.0,-,4,47333.8494,47357.694616,b,1.72032,3.3e-18,True
23.0,+,5,48070.9394,48100.357086,b,1.73216,9.2e-18,True
23.0,-,5,48070.9,48100.397485,b,1.73216,9.4e-18,True
23.0,+,6,48794.0194,48830.428096,b,1.74588,1.8e-17,True
23.0,-,6,48794.4194,48830.467718,b,1.74588,1.8e-17,True
24.0,-,0,44281.0794,44271.16793,b,1.67664,2.2e-21,True
24.0,+,0,44281.1194,44271.214638,b,1.67664,7.7e-21,True
24.0,-,1,45069.6494,45073.7788,b,1.68789,1.7e-20,True
24.0,+,1,45069.6594,45073.824842,b,1.68789,6.2e-20,True
24.0,-,2,45845.6694,45859.197326,b,1.69905,2.1e-19,True
24.0,+,2,45845.7094,45859.242768,b,1.69905,3.6e-19,True
24.0,-,3,46608.9494,46627.936138,b,1.70984,1e-18,True
24.0,+,3,46609.0294,46627.981079,b,1.70984,1.3e-18,True
24.0,-,4,47359.2494,47382.633439,b,1.72049,3.5e-18,True
24.0,+,4,47359.2794,47382.677929,b,1.72049,3.9e-18,True
24.0,-,5,48096.1294,48125.099282,b,1.73233,1.1e-17,True
24.0,+,5,48096.08,48125.143171,b,1.73233,1.1e-17,True
24.0,-,6,48818.9294,48854.88287,b,1.74605,2.1e-17,True
24.0,+,6,48819.3094,48854.925916,b,1.74605,2.1e-17,True
25.0,+,0,44308.6994,44298.114559,b,1.67679,2.6e-21,True
25.0,-,0,44308.7294,44298.165135,b,1.67679,8.4e-21,True
25.0,+,1,45096.9994,45100.474491,b,1.68805,2e-20,True
25.0,-,1,45097.0194,45100.524345,b,1.68805,6.8e-20,True
25.0,+,2,45872.7494,45885.651656,b,1.69922,2.4e-19,True
25.0,-,2,45872.7894,45885.700858,b,1.69922,4.1e-19,True
25.0,+,3,46635.7694,46654.166744,b,1.71001,1.2e-18,True
25.0,-,3,46635.8194,46654.215404,b,1.71001,1.5e-18,True
25.0,+,4,47385.7494,47408.648887,b,1.72066,4.1e-18,True
25.0,-,4,47385.8094,47408.697058,b,1.72066,4.5e-18,True
25.0,+,5,48122.3294,48150.867278,b,1.73251,1.3e-17,True
25.0,-,5,48122.3,48150.914798,b,1.73251,1.3e-17,True
25.0,+,6,48844.9094,48880.351659,b,1.74623,2.4e-17,True
25.0,-,6,48845.2494,48880.398268,b,1.74623,2.4e-17,True
26.0,-,0,44337.4194,44326.133958,b,1.67694,3e-21,True
26.0,+,0,44337.4594,44326.188552,b,1.67694,9.3e-21,True
26.0,-,1,45125.4194,45128.232734,b,1.68821,2.3e-20,True
26.0,+,1,45125.4594,45128.286546,b,1.68822,7.4e-20,True
26.0,-,2,45900.8894,45913.15868,b,1.69939,2.8e-19,True
26.0,+,2,45900.9194,45913.211788,b,1.69939,4.6e-19,True
26.0,-,3,46663.6394,46681.440996,b,1.71019,1.4e-18,True
26.0,+,3,46663.6694,46681.493519,b,1.71019,1.7e-18,True
26.0,-,4,47413.3194,47435.699375,b,1.72084,4.8e-18,True
26.0,+,4,47413.3694,47435.751369,b,1.72084,5.3e-18,True
26.0,-,5,48149.5894,48177.660442,b,1.73269,1.5e-17,True
26.0,+,5,48149.58,48177.711734,b,1.7327,1.5e-17,True
26.0,-,6,48871.8494,48906.833854,b,1.74642,2.9e-17,True
26.0,+,6,48872.1794,48906.884165,b,1.74642,2.9e-17,True
27.0,+,0,44367.2394,44355.225527,b,1.6771,3.5e-21,True
27.0,-,0,44367.2894,44355.284289,b,1.6771,1e-20,True
27.0,+,1,45154.9394,45157.052905,b,1.68838,2.7e-20,True
27.0,-,1,45154.9794,45157.110825,b,1.68839,8.1e-20,True
27.0,+,2,45930.1094,45941.717755,b,1.69957,3.3e-19,True
27.0,-,2,45930.1694,45941.774916,b,1.69957,5.2e-19,True
27.0,+,3,46692.5594,46709.758239,b,1.71038,1.6e-18,True
27.0,-,3,46692.6294,46709.814768,b,1.71038,2e-18,True
27.0,+,4,47441.9294,47463.784245,b,1.72103,5.6e-18,True
27.0,-,4,47441.9994,47463.840205,b,1.72103,6.1e-18,True
27.0,+,5,48177.8894,48205.478114,b,1.73289,1.7e-17,True
27.0,-,5,48177.88,48205.533319,b,1.73289,1.7e-17,True
27.0,+,6,48899.8894,48934.328821,b,1.74661,3.4e-17,True
27.0,-,6,48900.1794,48934.382971,b,1.74661,3.3e-17,True
28.0,-,0,44398.1594,44385.388641,b,1.67727,4e-21,True
28.0,+,0,44398.1994,44385.451721,b,1.67727,1.1e-20,True
28.0,-,1,45185.5694,45186.934361,b,1.68856,3e-20,True
28.0,-,2,45960.4194,45971.328213,b,1.69976,3.7e-19,True
28.0,+,2,45960.4594,45971.389571,b,1.69976,5.8e-19,True
28.0,-,3,46722.5194,46739.11779,b,1.71057,1.8e-18,True
28.0,+,3,46722.5794,46739.178469,b,1.71057,2.2e-18,True
28.0,-,4,47471.5894,47492.90281,b,1.72123,6.4e-18,True
28.0,+,4,47471.6794,47492.962878,b,1.72123,6.9e-18,True
28.0,-,5,48207.2294,48234.319609,b,1.73309,2e-17,True
28.0,+,5,48207.22,48234.378867,b,1.73309,2e-17,True
28.0,-,6,48928.8694,48962.8359,b,1.74681,3.9e-17,True
28.0,+,6,48929.1894,48962.894026,b,1.74681,3.8e-17,True
29.0,+,0,44430.1694,44416.622656,b,1.67744,4.5e-21,True
29.0,-,0,44430.2194,44416.690202,b,1.67745,1.2e-20,True
29.0,+,1,45217.2394,45217.876433,b,1.68875,3.4e-20,True
29.0,-,1,45217.2994,45217.943009,b,1.68875,9.6e-20,True
29.0,+,2,45991.1794,46001.989361,b,1.69995,4.2e-19,True
29.0,-,2,45991.8194,46002.05506,b,1.69996,6.4e-19,True
29.0,+,3,46753.5794,46769.518944,b,1.71077,2e-18,True
29.0,-,3,46753.6694,46769.583916,b,1.71077,2.5e-18,True
29.0,+,4,47502.3194,47523.054361,b,1.72143,7.2e-18,True
29.0,-,4,47502.3794,47523.118678,b,1.72144,7.8e-18,True
29.0,+,5,48237.6194,48264.184213,b,1.7333,2.2e-17,True
29.0,-,5,48237.58,48264.247663,b,1.7333,2.3e-17,True
29.0,+,6,48958.9394,48992.354405,b,1.74702,4.4e-17,True
29.0,-,6,48959.2194,48992.416645,b,1.74702,4.4e-17,True
30.0,-,0,44463.2894,44448.926901,b,1.67762,5.1e-21,True
30.0,+,0,44463.3294,44448.999062,b,1.67763,1.3e-20,True
30.0,-,1,45250.0194,45249.878429,b,1.68893,3.8e-20,True
30.0,+,1,45250.0794,45249.949551,b,1.68894,1e-19,True
30.0,-,2,46024.2194,46033.700481,b,1.70015,4.7e-19,True
30.0,+,2,46024.2794,46033.770665,b,1.70016,7.1e-19,True
30.0,-,3,46785.6894,46800.960971,b,1.71098,2.3e-18,True
30.0,+,3,46785.7794,46801.030377,b,1.71098,2.8e-18,True
30.0,-,4,47534.0794,47554.238162,b,1.72165,8.2e-18,True
30.0,+,4,47534.1594,47554.306869,b,1.72165,8.8e-18,True
30.0,-,5,48269.0394,48295.071188,b,1.73352,2.5e-17,True
30.0,+,5,48269.03,48295.138969,b,1.73352,2.6e-17,True
30.0,-,6,48990.0094,49022.883625,b,1.74723,5e-17,True
30.0,+,6,48990.2894,49022.950115,b,1.74723,4.9e-17,True
31.0,+,0,44497.4794,44482.300683,b,1.67781,5.7e-21,True
31.0,-,0,44497.5394,44482.377608,b,1.67781,1.4e-20,True
31.0,+,1,45283.8994,45282.939631,b,1.68913,4.3e-20,True
31.0,-,1,45283.9494,45283.015447,b,1.68913,1.1e-19,True
31.0,+,2,46057.7294,46066.460831,b,1.70036,5.3e-19,True
31.0,-,2,46057.8094,46066.535644,b,1.70036,7.9e-19,True
31.0,+,3,46818.8794,46833.443114,b,1.71119,2.6e-18,True
31.0,-,3,46818.9394,46833.517096,b,1.71119,3.1e-18,True
31.0,+,4,47566.3194,47586.453449,b,1.72186,9.2e-18,True
31.0,-,4,47566.9794,47586.526686,b,1.72187,9.9e-18,True
31.0,+,5,48301.4994,48326.979768,b,1.73374,2.9e-17,True
31.0,-,5,48301.49,48327.052017,b,1.73374,2.9e-17,True
31.0,+,6,49022.1194,49054.422822,b,1.74745,5.8e-17,True
31.0,-,6,49022.4094,49054.493698,b,1.74746,5.8e-17,True
32.0,-,0,44532.7794,44516.743288,b,1.678,6.5e-21,True
32.0,+,0,44532.8494,44516.825123,b,1.678,1.6e-20,True
32.0,-,1,45318.8294,45317.0593,b,1.68933,4.8e-20,True
32.0,+,1,45318.8794,45317.139953,b,1.68933,1.2e-19,True
32.0,-,2,46092.3394,46100.269643,b,1.70058,6e-19,True
32.0,+,2,46092.3994,46100.349229,b,1.70058,8.7e-19,True
32.0,-,3,46853.0994,46866.964591,b,1.71141,2.9e-18,True
32.0,+,3,46853.1994,46867.043291,b,1.71141,3.5e-18,True
32.0,-,4,47600.8094,47619.699435,b,1.72209,1e-17,True
32.0,-,5,48334.9794,48359.909158,b,1.73397,3.3e-17,True
32.0,+,5,48334.99,48359.986014,b,1.73397,3.3e-17,True
32.0,-,6,49055.2494,49086.971233,b,1.74768,6.6e-17,True
32.0,+,6,49055.5294,49087.046631,b,1.74769,6.6e-17,True
33.0,+,0,44569.1794,44552.253975,b,1.6782,7.2e-21,True
33.0,-,0,44569.2494,44552.340867,b,1.6782,1.6e-20,True
33.0,+,1,45354.8694,45352.236671,b,1.68954,5.3e-20,True
33.0,-,1,45354.9394,45352.322306,b,1.68954,1.3e-19,True
33.0,+,2,46127.9994,46135.126128,b,1.7008,6.7e-19,True
33.0,-,2,46128.0894,46135.210627,b,1.7008,9.6e-19,True
33.0,+,3,46888.3994,46901.524598,b,1.71164,3.3e-18,True
33.0,-,3,46888.4994,46901.608155,b,1.71164,3.8e-18,True
33.0,+,4,47635.6894,47653.975304,b,1.72232,1.2e-17,True
33.0,-,4,47635.7594,47654.058018,b,1.72232,1.2e-17,True
33.0,+,5,48369.5194,48393.858539,b,1.73421,3.7e-17,True
33.0,-,5,48369.52,48393.940139,b,1.73421,3.8e-17,True
33.0,+,6,49089.4094,49120.528069,b,1.74792,7.4e-17,True
33.0,-,6,49089.6394,49120.608123,b,1.74792,7.4e-17,True
34.0,-,0,44606.6494,44588.831982,b,1.67841,8e-21,True
34.0,+,0,44606.7294,44588.924079,b,1.67841,1.8e-20,True
34.0,-,1,45391.9694,45388.470956,b,1.68976,5.8e-20,True
34.0,+,1,45392.0394,45388.561717,b,1.68976,1.4e-19,True
34.0,-,2,46164.7194,46171.029468,b,1.70102,7.4e-19,True
34.0,+,2,46164.8094,46171.119023,b,1.70102,1.1e-18,True
34.0,-,3,46924.7394,46937.122303,b,1.71187,3.6e-18,True
34.0,+,3,46924.8394,46937.210857,b,1.71188,4.2e-18,True
34.0,-,4,47671.6194,47689.280216,b,1.72256,1.3e-17,True
34.0,+,4,47671.7294,47689.367877,b,1.72257,1.4e-17,True
34.0,-,5,48405.0794,48428.827062,b,1.73446,4.1e-17,True
34.0,+,5,48405.11,48428.913542,b,1.73446,4.1e-17,True
34.0,-,6,49124.5794,49155.092514,b,1.74817,8.3e-17,True
34.0,+,6,49124.8294,49155.177358,b,1.74817,8.3e-17,True
35.0,+,0,44645.2294,44626.476524,b,1.67862,8.8e-21,True
35.0,-,0,44645.3194,44626.57397,b,1.67862,1.9e-20,True
35.0,+,1,45430.1694,45425.761342,b,1.68998,6.3e-20,True
35.0,-,1,45430.2494,45425.857373,b,1.68998,1.6e-19,True
35.0,+,2,46202.5394,46207.978824,b,1.70126,8.1e-19,True
35.0,-,2,46202.6394,46208.073575,b,1.70126,1.2e-18,True
35.0,+,3,46962.1594,46973.756849,b,1.71212,4e-18,True
35.0,-,3,46962.2594,46973.85054,b,1.71212,4.5e-18,True
35.0,+,4,47708.6694,47725.613303,b,1.72281,1.4e-17,True
35.0,-,4,47708.6694,47725.706048,b,1.72281,1.6e-17,True
35.0,+,5,48441.6894,48464.813852,b,1.73471,4.6e-17,True
35.0,-,5,48441.69,48464.905348,b,1.73471,4.6e-17,True
35.0,+,6,49160.7794,49190.663725,b,1.74842,9.3e-17,True
35.0,-,6,49160.9994,49190.753493,b,1.74842,9.3e-17,True
36.0,-,0,44684.8794,44665.186792,b,1.67883,9.8e-21,True
36.0,+,0,44685.0094,44665.289732,b,1.67883,2.1e-20,True
36.0,-,1,45469.4394,45464.106995,b,1.69021,6.9e-20,True
36.0,+,1,45469.5494,45464.208437,b,1.69021,1.6e-19,True
36.0,-,2,46241.3994,46245.973331,b,1.7015,9e-19,True
36.0,+,2,46241.5094,46246.073418,b,1.7015,6.7e-19,True
36.0,-,3,47000.6194,47011.427356,b,1.71236,4.4e-18,True
36.0,+,3,47000.7494,47011.526322,b,1.71237,3.5e-18,True
36.0,-,4,47746.7094,47762.973673,b,1.72307,1.6e-17,True
36.0,+,4,47746.8194,47763.071639,b,1.72307,1.6e-17,True
36.0,-,5,48479.3194,48501.818007,b,1.73497,5.1e-17,True
36.0,+,5,48479.35,48501.914654,b,1.73498,5.1e-17,True
36.0,-,6,49197.9994,49227.240834,b,1.74868,1e-16,True
36.0,+,6,49198.2294,49227.335658,b,1.74868,1e-16,True
37.0,+,0,44725.6594,44704.961954,b,1.67905,1.1e-20,True
37.0,-,0,44725.7494,44705.070532,b,1.67906,2.2e-20,True
37.0,+,1,45509.7994,45503.507053,b,1.69044,7.6e-20,True
37.0,-,1,45509.8794,45503.614049,b,1.69044,1.7e-19,True
37.0,+,2,46281.3594,46285.012099,b,1.70174,9.9e-19,True
37.0,-,2,46281.4494,46285.117662,b,1.70175,1.3e-18,True
37.0,+,3,47040.1594,47050.132918,b,1.71262,4.9e-18,True
37.0,-,3,47040.2694,47050.237296,b,1.71262,5.8e-18,True
37.0,+,4,47785.8294,47801.360405,b,1.72333,1.8e-17,True
37.0,-,4,47785.9294,47801.463728,b,1.72333,1.8e-17,True
37.0,+,5,48518.0194,48539.838596,b,1.73524,5.6e-17,True
37.0,-,5,48518.02,48539.940527,b,1.73525,5.7e-17,True
37.0,+,6,49236.2594,49264.822945,b,1.74895,1.2e-16,True
37.0,-,6,49236.4494,49264.922958,b,1.74895,1.2e-16,True
38.0,-,0,44767.4694,44745.801153,b,1.67928,1.2e-20,True
38.0,+,0,44767.6294,44745.915514,b,1.67929,2.4e-20,True
38.0,-,1,45551.1994,45543.960632,b,1.69068,8.2e-20,True
38.0,+,1,45551.3394,45544.073323,b,1.69069,1.9e-19,True
38.0,-,2,46322.3294,46325.094215,b,1.702,1.1e-18,True
38.0,+,2,46322.4894,46325.205393,b,1.702,1.4e-18,True
38.0,-,3,47080.7094,47089.872603,b,1.71288,5.4e-18,True
38.0,+,3,47080.8894,47089.982532,b,1.71289,6.2e-18,True
38.0,-,4,47825.9594,47840.772554,b,1.7236,1.9e-17,True
38.0,+,4,47826.0894,47840.881369,b,1.7236,2e-17,True
38.0,-,5,48557.7094,48578.87466,b,1.73552,6.2e-17,True
38.0,+,5,48557.76,48578.982009,b,1.73552,6.3e-17,True
38.0,-,6,49275.4894,49303.409134,b,1.74922,1.3e-16,True
38.0,+,6,49275.7294,49303.514467,b,1.74923,1.3e-16,True
39.0,+,0,44810.4294,44787.703512,b,1.67952,1.3e-20,True
39.0,-,0,44810.5494,44787.823798,b,1.67952,2.5e-20,True
39.0,+,1,45593.7294,45585.466826,b,1.69093,8.8e-20,True
39.0,-,1,45593.8194,45585.585352,b,1.69093,2e-19,True
39.0,+,2,46364.4394,46366.21874,b,1.70226,1.2e-18,True
39.0,-,2,46364.5494,46366.335671,b,1.70226,1.5e-18,True
39.0,+,3,47122.3694,47130.645457,b,1.71315,5.8e-18,True
39.0,-,3,47122.5094,47130.761071,b,1.71316,6.7e-18,True
39.0,+,4,47867.1694,47881.209147,b,1.72388,2.1e-17,True
39.0,-,4,47867.2594,47881.323588,b,1.72388,2.2e-17,True
39.0,+,5,48598.4794,48618.925213,b,1.73581,6.8e-17,True
39.0,-,5,48598.46,48619.038113,b,1.73581,6.9e-17,True
39.0,+,6,49315.8194,49342.998453,b,1.74951,1.4e-16,True
39.0,-,6,49315.9894,49343.109237,b,1.74951,1.4e-16,True
40.0,-,0,44854.4094,44830.668128,b,1.67976,1.4e-20,True
40.0,+,0,44854.6094,44830.794481,b,1.67976,2.7e-20,True
40.0,-,1,45637.2794,45628.024701,b,1.69119,9.4e-20,True
40.0,+,1,45637.4594,45628.149202,b,1.69119,2.1e-19,True
40.0,-,2,46407.5594,46408.384711,b,1.70253,1.3e-18,True
40.0,+,2,46407.7294,46408.507532,b,1.70253,1.7e-18,True
40.0,-,3,47165.0294,47172.450498,b,1.71343,6.3e-18,True
40.0,+,3,47165.2294,47172.571934,b,1.71343,7.2e-18,True
40.0,-,4,47909.3694,47922.669184,b,1.72416,2.3e-17,True
40.0,+,4,47909.5194,47922.789387,b,1.72416,2.4e-17,True
40.0,-,5,48640.2194,48659.989239,b,1.7361,7.4e-17,True
40.0,+,5,48640.3894,48660.107822,b,1.7361,7.5e-17,True
40.0,-,6,49357.0594,49383.589923,b,1.7498,1.6e-16,True
40.0,+,6,49357.2994,49383.706288,b,1.7498,1.6e-16,True
41.0,+,0,44899.5394,44874.694075,b,1.68001,1.5e-20,True
41.0,-,0,44899.6994,44874.826637,b,1.68001,2.9e-20,True
41.0,+,1,45681.9694,45671.633303,b,1.69145,1e-19,True
41.0,-,1,45662.0794,45671.763917,b,1.69145,2.2e-19,True
41.0,+,2,46451.7794,46451.591143,b,1.7028,1.4e-18,True
41.0,-,2,46451.9094,46451.719991,b,1.7028,1.8e-18,True
41.0,+,3,47208.7894,47215.286722,b,1.71371,6.9e-18,True
41.0,-,3,47208.9494,47215.414113,b,1.71372,7.8e-18,True
41.0,+,4,47952.6794,47965.15164,b,1.72445,2.5e-17,True
41.0,-,4,47952.7094,47965.277737,b,1.72445,2.6e-17,True
41.0,+,5,48683.0094,48702.065696,b,1.7364,8.1e-17,True
41.0,-,5,48683.1694,48702.190093,b,1.7364,8.2e-17,True
41.0,+,6,49399.3994,49425.18254,b,1.7501,1.7e-16,True
41.0,-,6,49399.5994,49425.304615,b,1.7501,1.7e-16,True
42.0,-,0,44945.7294,44919.780405,b,1.68026,1.7e-20,True
42.0,+,0,44945.9194,44919.919317,b,1.68026,3e-20,True
42.0,-,1,45727.6794,45716.291651,b,1.69171,1.1e-19,True
42.0,+,1,45727.8594,45716.428517,b,1.69172,2.3e-19,True
42.0,-,2,46497.0194,46495.837022,b,1.70308,1.5e-18,True
42.0,+,2,46497.2094,46495.972033,b,1.70309,1.9e-18,True
42.0,-,3,47253.5694,47259.153097,b,1.714,7.5e-18,True
42.0,+,3,47253.7794,47259.286579,b,1.71401,8.4e-18,True
42.0,-,4,47996.9494,48008.655463,b,1.72475,2.7e-17,True
42.0,+,4,47996.5994,48008.787586,b,1.72475,2.8e-17,True
42.0,-,5,48726.8194,48745.153512,b,1.73671,8.9e-17,True
42.0,+,5,48727.0294,48745.283853,b,1.73671,9.1e-17,True
42.0,-,6,49442.6894,49467.77527,b,1.75041,1.9e-16,True
42.0,+,6,49442.9694,49467.903184,b,1.75041,1.9e-16,True
43.0,+,0,44993.0194,44965.926146,b,1.68052,1.8e-20,True
43.0,-,0,44993.1794,44966.071547,b,1.68052,3.2e-20,True
43.0,+,1,45774.4994,45761.998742,b,1.69199,1.2e-19,True
43.0,-,1,45774.6194,45762.141997,b,1.69199,2.4e-19,True
43.0,+,2,46543.3694,46541.121315,b,1.70337,1.6e-18,True
43.0,-,2,46543.5094,46541.262623,b,1.70337,2.1e-18,True
43.0,+,3,47299.4394,47304.048569,b,1.7143,8.1e-18,True
43.0,-,3,47299.5994,47304.188274,b,1.71431,9e-18,True
43.0,+,4,48042.3494,48053.179573,b,1.72506,2.9e-17,True
43.0,-,4,48042.6694,48053.317854,b,1.72506,3e-17,True
43.0,+,5,48771.6794,48789.251587,b,1.73703,9.7e-17,True
43.0,-,5,48771.8594,48789.388002,b,1.73703,9.6e-17,True
43.0,+,6,49487.0594,49511.367055,b,1.75072,2.1e-16,True
43.0,-,6,49487.2894,49511.500935,b,1.75072,2.1e-16,True
44.0,-,0,45041.3594,45013.130301,b,1.68079,1.9e-20,True
44.0,+,0,45041.5794,45013.282331,b,1.68079,3.4e-20,True
44.0,-,1,45822.3494,45808.753547,b,1.69227,1.2e-19,True
44.0,+,1,45822.5594,45808.903329,b,1.69227,2.5e-19,True
44.0,-,2,46590.7294,46587.44296,b,1.70367,1.7e-18,True
44.0,+,2,46590.9394,46587.5907,b,1.70367,2.2e-18,True
44.0,-,3,47346.3194,47349.972059,b,1.71461,8.7e-18,True
44.0,+,3,47346.5394,47350.118118,b,1.71461,9.6e-18,True
44.0,-,4,48088.7094,48098.722864,b,1.72537,3.1e-17,True
44.0,+,4,48089.0294,48098.867434,b,1.72538,3.2e-17,True
44.0,-,5,48817.5394,48834.358791,b,1.73735,1e-16,True
44.0,+,5,48817.7794,48834.501408,b,1.73736,1e-16,True
44.0,-,6,49532.3894,49555.956804,b,1.75104,2.3e-16,True
44.0,+,6,49532.6894,49556.096777,b,1.75105,2.3e-16,True
45.0,+,0,45090.8194,45061.391852,b,1.68106,2.1e-20,True
45.0,-,0,45090.9994,45061.550648,b,1.68106,4.9e-20,True
45.0,+,1,45871.3194,45856.555016,b,1.69255,1.3e-19,True
45.0,-,1,45871.4994,45856.711459,b,1.69256,2.7e-19,True
45.0,+,2,46639.1994,46634.800873,b,1.70397,1.8e-18,True
45.0,-,2,46639.3794,46634.955178,b,1.70397,2.4e-18,True
45.0,+,3,47394.2794,47396.92246,b,1.71492,9.3e-18,True
45.0,-,3,47394.4594,47397.075007,b,1.71492,1e-17,True
45.0,+,4,48136.1494,48145.284204,b,1.7257,3.3e-17,True
45.0,-,4,48136.3994,48145.435192,b,1.7257,3.5e-17,True
45.0,+,5,48864.4594,48880.473967,b,1.73769,1.1e-16,True
45.0,-,5,48864.6394,48880.622914,b,1.73769,1.1e-16,True
45.0,+,6,49578.7594,49601.5434,b,1.75138,2.5e-16,True
45.0,-,6,49579.0194,49601.689592,b,1.75138,2.4e-16,True
46.0,-,0,45141.3194,45110.709755,b,1.68134,2.2e-20,True
46.0,+,0,45141.5594,45110.875457,b,1.68134,3.9e-20,True
46.0,-,1,45921.3094,45905.402072,b,1.69285,1.4e-19,True
46.0,+,1,45921.5394,45905.565312,b,1.69285,2.7e-19,True
46.0,-,2,46688.6894,46683.193946,b,1.70428,1.9e-18,True
46.0,+,2,46688.9194,46683.354949,b,1.70428,2.7e-18,True
46.0,-,3,47443.2394,47444.898645,b,1.71524,9.9e-18,True
46.0,+,3,47443.4894,47445.05781,b,1.71524,1.2e-17,True
46.0,-,4,48184.5894,48192.862433,b,1.72602,3.6e-17,True
46.0,+,4,48184.8694,48193.019967,b,1.72603,3.7e-17,True
46.0,-,5,48912.3594,48927.595927,b,1.73803,1.2e-16,True
46.0,+,5,48912.5894,48927.751331,b,1.73803,1.2e-16,True
46.0,-,6,49626.0894,49648.125699,b,1.75171,2.7e-16,True
46.0,+,6,49626.4694,49648.278235,b,1.75172,2.7e-16,True
47.0,+,0,45192.9394,45161.082946,b,1.68162,2.4e-20,True
47.0,-,0,45193.1494,45161.255688,b,1.68162,4.1e-20,True
47.0,+,1,45972.4294,45955.293616,b,1.69315,1.4e-19,True
47.0,-,1,45972.6194,45955.463787,b,1.69315,2.9e-19,True
47.0,+,2,46739.2694,46732.621046,b,1.70459,2.1e-18,True
47.0,-,2,46739.4594,46732.788878,b,1.70459,2.5e-18,True
47.0,+,3,47493.2794,47493.89946,b,1.71557,1.1e-17,True
47.0,-,3,47493.4894,47494.065371,b,1.71557,1.2e-17,True
47.0,+,4,48234.1194,48241.456364,b,1.72636,3.8e-17,True
47.0,-,4,48234.3494,48241.620573,b,1.72636,4e-17,True
47.0,+,5,48961.3194,48975.723455,b,1.73838,1.3e-16,True
47.0,-,5,48961.5094,48975.885442,b,1.73838,1.3e-16,True
48.0,-,0,45245.5994,45212.510333,b,1.68191,2.6e-20,True
48.0,+,0,45245.8494,45212.690253,b,1.68191,4.3e-20,True
48.0,-,1,46024.5594,46006.228524,b,1.69345,1.5e-19,True
48.0,+,1,46024.7894,46006.405759,b,1.69346,3e-19,True
48.0,-,2,46790.8794,46783.081015,b,1.70491,2.2e-18,True
48.0,+,2,46791.0894,46783.255808,b,1.70492,2.7e-18,True
48.0,-,3,47544.3494,47543.923726,b,1.7159,1.1e-17,True
48.0,+,3,47544.5794,47544.096513,b,1.7159,1.3e-17,True
48.0,-,4,48284.5994,48291.064783,b,1.72671,4.1e-17,True
48.0,+,4,48284.8794,48291.235793,b,1.72671,4.3e-17,True
48.0,-,5,49011.2594,49024.855305,b,1.73874,1.4e-16,True
48.0,+,5,49011.5194,49025.024,b,1.73874,1.4e-16,True
48.0,-,6,49723.8694,49744.272676,b,1.75242,3.2e-16,True
48.0,+,6,49724.2094,49744.438272,b,1.75242,3.2e-16,True
49.0,+,0,45299.3794,45264.990805,b,1.68221,2.7e-20,True
49.0,-,0,45299.5994,45265.178036,b,1.68221,4.5e-20,True
49.0,+,1,46077.7894,46058.205647,b,1.69377,1.6e-19,True
49.0,-,1,46077.9994,46058.390079,b,1.69377,3.1e-19,True
49.0,+,2,46843.5594,46834.572674,b,1.70524,2.3e-18,True
49.0,-,2,46843.7594,46834.754556,b,1.70524,2.9e-18,True
49.0,+,3,47596.4694,47594.97024,b,1.71624,1.2e-17,True
49.0,-,3,47596.6694,47595.150031,b,1.71624,1.3e-17,True
49.0,+,4,48336.1694,48341.686448,b,1.72706,4.4e-17,True
49.0,-,4,48336.4194,48341.864387,b,1.72706,4.5e-17,True
49.0,+,5,49062.2594,49074.990202,b,1.7391,1.5e-16,True
49.0,-,5,49062.4894,49075.165729,b,1.7391,1.5e-16,True
49.0,+,6,49774.2894,49793.834918,b,1.75278,3.4e-16,True
49.0,-,6,49774.6294,49794.007228,b,1.75278,3.4e-16,True
50.0,-,0,45354.1794,45318.523223,b,1.68251,2.9e-20,True
50.0,+,0,45354.4594,45318.717901,b,1.68252,4.7e-20,True
50.0,-,1,46132.0594,46111.223815,b,1.69408,1.6e-19,True
50.0,+,1,46132.3094,46111.415574,b,1.69409,3.2e-19,True
50.0,-,2,46897.2694,46887.094815,b,1.70558,2.5e-18,True
50.0,+,2,46897.5194,46887.283917,b,1.70558,3e-18,True
50.0,-,3,47649.7444,47647.037774,b,1.71659,1.3e-17,True
50.0,-,4,48388.7494,48393.320092,b,1.72742,4.6e-17,True
50.0,+,4,48389.0194,48393.505084,b,1.72742,4.8e-17,True
50.0,-,5,49114.2494,49126.126842,b,1.73948,1.6e-16,True
50.0,+,5,49114.4894,49126.309323,b,1.73948,1.8e-16,True
50.0,-,6,49825.6694,49844.387989,b,1.75315,3.6e-16,True
50.0,+,6,49826.0494,49844.567135,b,1.75316,3.6e-16,True
51.0,+,0,45410.1094,45373.106429,b,1.68282,3.1e-20,True
51.0,-,0,45410.3494,45373.308686,b,1.68283,4.9e-20,True
51.0,+,1,46187.4194,46165.281831,b,1.69441,1.7e-19,True
51.0,-,1,46187.6394,46165.481048,b,1.69441,3.3e-19,True
51.0,+,2,46952.0594,46940.64621,b,1.70592,2.6e-18,True
51.0,-,2,46952.2594,46940.842658,b,1.70592,3.2e-18,True
51.0,+,3,47703.8094,47700.125076,b,1.71694,1.3e-17,True
51.0,-,3,47704.0794,47700.319255,b,1.71694,1.5e-17,True
51.0,+,4,48442.3294,48445.964419,b,1.72779,4.9e-17,True
51.0,-,4,48442.6394,48446.156588,b,1.72779,5e-17,True
51.0,+,5,49167.2694,49178.263889,b,1.73986,1.7e-16,True
51.0,-,5,49167.5094,49178.453446,b,1.73986,1.7e-16,True
51.0,+,6,49878.1094,49895.930598,b,1.75353,3.9e-16,True
51.0,-,6,49878.4094,49896.116699,b,1.75354,3.9e-16,True
52.0,-,0,45467.0894,45428.739237,b,1.68314,3.3e-20,True
52.0,+,0,45467.3594,45428.949205,b,1.68314,5.1e-20,True
52.0,-,1,46243.7994,46220.378475,b,1.69474,1.7e-19,True
52.0,+,1,46244.0494,46220.58528,b,1.69475,3.4e-19,True
52.0,-,2,47007.8794,46995.225605,b,1.70627,2.7e-18,True
52.0,+,2,47008.0994,46995.429527,b,1.70627,3.3e-18,True
52.0,-,3,47759.0694,47754.230869,b,1.7173,1.4e-17,True
52.0,+,3,47759.3194,47754.43243,b,1.71731,1.6e-17,True
52.0,-,4,48496.9994,48499.618106,b,1.72816,5.2e-17,True
52.0,+,4,48491.2594,48499.817575,b,1.72817,5e-17,True
52.0,-,5,49221.2794,49231.399979,b,1.74025,1.8e-16,True
52.0,+,5,49221.5594,49231.596734,b,1.74025,1.8e-16,True
52.0,-,6,49931.4694,49948.461422,b,1.75392,4.2e-16,True
53.0,+,0,45525.1594,45485.42044,b,1.68346,3.5e-20,True
53.0,-,0,45525.4094,45485.638251,b,1.68346,5.2e-20,True
53.0,+,1,46301.2594,46276.512502,b,1.69508,1.8e-19,True
53.0,-,1,46301.5494,46276.727024,b,1.69509,3.6e-19,True
53.0,+,2,47064.7694,47050.831722,b,1.70663,2.9e-18,True
53.0,-,2,47064.9894,47051.043244,b,1.70663,3.5e-18,True
53.0,+,3,47815.3294,47809.353853,b,1.71767,1.5e-17,True
53.0,-,3,47815.6094,47809.56292,b,1.71767,1.7e-17,True
53.0,+,4,48552.6594,48554.279803,b,1.72855,5.5e-17,True
53.0,-,4,48552.9494,48554.486694,b,1.72855,5.7e-17,True
53.0,+,5,49276.3594,49285.533717,b,1.74065,1.9e-16,True
53.0,-,5,49276.6294,49285.737789,b,1.74065,1.9e-16,True
53.0,+,6,49985.8894,50001.979111,b,1.75432,4.5e-16,True
53.0,-,6,49986.2594,50002.179482,b,1.75432,4.5e-16,True
54.0,-,0,45584.2794,45543.148807,b,1.68379,3.7e-20,True
54.0,+,0,45584.5594,45543.374592,b,1.68379,4.6e-20,True
54.0,-,1,46359.8094,46333.682645,b,1.69543,1.9e-19,True
54.0,+,1,46360.1094,46333.90501,b,1.69543,3.7e-19,True
54.0,-,2,47122.6994,47107.463259,b,1.70699,3e-18,True
54.0,+,2,47122.9394,47107.682507,b,1.70699,3.7e-18,True
54.0,-,3,47872.6794,47865.492701,b,1.71805,1.6e-17,True
54.0,+,3,47872.9294,47865.709397,b,1.71805,1.7e-17,True
54.0,-,4,48609.3794,48609.948131,b,1.72894,5.7e-17,True
54.0,+,4,48609.6394,48610.162565,b,1.72894,6e-17,True
54.0,-,5,49332.4194,49340.663679,b,1.74106,2.1e-16,True
54.0,+,5,49332.6794,49340.875187,b,1.74106,2.1e-16,True
55.0,+,0,45644.4694,45601.923083,b,1.68412,3.9e-20,True
55.0,-,0,45644.7694,45602.15697,b,1.68413,6.1e-20,True
55.0,+,1,46419.4194,46391.88761,b,1.69578,1.9e-19,True
55.0,-,1,46419.7094,46392.117947,b,1.69578,3.6e-19,True
55.0,+,2,47181.6494,47165.11889,b,1.70736,3.1e-18,True
55.0,-,2,47181.9594,47165.345988,b,1.70736,3.7e-18,True
55.0,+,3,47931.0194,47922.646063,b,1.71843,1.7e-17,True
55.0,-,3,47931.3094,47922.870511,b,1.71843,1.8e-17,True
55.0,+,4,48667.0994,48666.621685,b,1.72934,6e-17,True
55.0,-,4,48667.3994,48666.843782,b,1.72934,6.2e-17,True
55.0,+,5,49389.4894,49396.788409,b,1.74147,2.2e-16,True
55.0,-,5,49389.7794,49397.007471,b,1.74148,2.2e-16,True
55.0,+,6,50097.7294,50111.96952,b,1.75514,5.1e-16,True
55.0,-,6,50098.0994,50112.184629,b,1.75514,5.1e-16,True
56.0,-,0,45705.7594,45661.741988,b,1.68447,4.1e-20,True
56.0,+,0,45706.0494,45661.984107,b,1.68447,6.2e-20,True
56.0,-,1,46480.0594,46451.126082,b,1.69614,1.9e-19,True
56.0,+,1,46480.3694,46451.364515,b,1.69614,3.8e-19,True
56.0,-,2,47241.7094,47223.797266,b,1.70774,3.2e-18,True
56.0,+,2,47241.9594,47224.032337,b,1.70774,3.9e-18,True
56.0,-,3,47990.4394,47980.812565,b,1.71882,1.7e-17,True
56.0,+,3,47990.6994,47981.044886,b,1.71882,1.9e-17,True
56.0,-,4,48725.8494,48724.299031,b,1.72974,6.3e-17,True
56.0,+,4,48726.1494,48724.52891,b,1.72975,6.5e-17,True
56.0,-,5,49447.5894,49453.906423,b,1.7419,2.3e-16,True
56.0,+,5,49447.8694,49454.133154,b,1.7419,2.3e-16,True
56.0,-,6,50155.2294,50168.439383,b,1.75556,5.4e-16,True
57.0,+,0,45768.0794,45722.604221,b,1.68481,4.3e-20,True
57.0,-,0,45768.3894,45722.854698,b,1.68482,6.4e-20,True
57.0,+,1,46541.7794,46511.396719,b,1.69651,2e-19,True
57.0,-,1,46542.0994,46511.643373,b,1.69651,3.9e-19,True
57.0,+,2,47302.7794,47283.497013,b,1.70812,3.4e-18,True
57.0,-,2,47303.0594,47283.740178,b,1.70812,4.1e-18,True
57.0,+,3,48050.8294,48039.990808,b,1.71922,1.8e-17,True
57.0,-,3,48051.1394,48040.231122,b,1.71922,2e-17,True
57.0,+,4,48785.5994,48782.978709,b,1.73016,6.6e-17,True
57.0,-,4,48785.9194,48783.216488,b,1.73016,6.7e-17,True
57.0,+,5,49506.6594,49512.016204,b,1.74233,2.4e-16,True
57.0,-,5,49506.9694,49512.250721,b,1.74234,2.4e-16,True
57.0,+,6,50213.5894,50225.890396,b,1.75599,5.8e-16,True
57.0,-,6,50213.8994,50226.120704,b,1.756,5.8e-16,True
58.0,-,0,45831.4994,45784.508455,b,1.68517,4.5e-20,True
58.0,+,0,45831.8094,45784.767416,b,1.68517,6.7e-20,True
58.0,-,1,46604.5494,46572.698157,b,1.69688,2e-19,True
58.0,+,1,46604.8494,46572.953155,b,1.69688,4e-19,True
58.0,-,2,47364.8794,47344.216733,b,1.70851,3.5e-18,True
58.0,+,2,47365.1894,47344.468113,b,1.70852,4.3e-18,True
58.0,-,3,48112.2994,48100.179369,b,1.71962,1.9e-17,True
58.0,+,3,48112.5994,48100.427794,b,1.71963,2.1e-17,True
58.0,-,4,48846.3794,48842.659229,b,1.73058,6.9e-17,True
58.0,+,4,48846.7294,48842.905025,b,1.73058,6.9e-17,True
58.0,-,5,49566.7594,49571.116206,b,1.74277,2.5e-16,True
58.0,+,5,49567.0494,49571.358623,b,1.74278,2.5e-16,True
58.0,-,6,50272.9794,50284.321052,b,1.75644,6.2e-16,True
58.0,+,6,50273.2994,50284.55913,b,1.75644,6.2e-16,True
59.0,+,0,45895.9194,45847.453339,b,1.68553,4.8e-20,True
59.0,-,0,45896.2794,45847.72091,b,1.68553,6.9e-20,True
59.0,+,1,46668.3194,46635.029005,b,1.69726,2e-19,True
59.0,-,1,46668.6894,46635.29247,b,1.69726,4.1e-19,True
59.0,+,2,47428.0294,47405.955003,b,1.70891,3.6e-18,True
59.0,-,2,47428.3594,47406.214719,b,1.70891,4.4e-18,True
59.0,+,3,48174.7594,48161.3768,b,1.72003,2e-17,True
59.0,-,3,48175.0994,48161.633454,b,1.72004,2.2e-17,True
59.0,+,4,48908.1894,48903.339076,b,1.73101,7.2e-17,True
59.0,-,4,48908.5394,48903.593003,b,1.73101,7.7e-17,True
59.0,+,5,49627.8494,49631.204853,b,1.74322,2.6e-16,True
59.0,-,5,49628.1694,49631.455281,b,1.74323,2.6e-16,True
59.0,+,6,50333.3894,50343.729812,b,1.75688,6.6e-16,True
60.0,-,0,45961.4794,45911.4375,b,1.68589,5e-20,True
60.0,+,0,45961.8194,45911.713804,b,1.6859,7e-20,True
60.0,-,1,46733.2094,46698.38785,b,1.69764,2.1e-19,True
60.0,+,1,46733.5394,46698.659904,b,1.69765,4.1e-19,True
60.0,-,2,47492.2194,47468.710379,b,1.70931,3.7e-18,True
60.0,+,2,47492.5494,47468.97855,b,1.70932,4.5e-18,True
60.0,-,3,48238.2994,48223.581628,b,1.72045,2.1e-17,True
60.0,+,3,48238.6094,48223.84663,b,1.72046,2.3e-17,True
60.0,-,4,48971.0194,48965.016703,b,1.73145,7.4e-17,True
60.0,+,4,48971.3594,48965.278876,b,1.73145,7.7e-17,True
60.0,-,5,49689.9694,49692.280536,b,1.74368,2.8e-16,True
60.0,+,5,49690.3294,49692.539088,b,1.74369,2.8e-16,True
60.0,-,6,50394.7594,50404.115108,b,1.75734,6.9e-16,True
60.0,+,6,50395.1494,50404.36906,b,1.75735,6.9e-16,True
61.0,+,0,46028.0494,45976.459538,b,1.68627,5.2e-20,True
61.0,-,0,46028.4194,45976.7447,b,1.68627,7e-20,True
61.0,+,1,46799.1094,46762.773255,b,1.69804,2.1e-19,True
61.0,-,1,46799.4594,46763.054018,b,1.69804,4.2e-19,True
61.0,+,2,47557.4594,47532.481391,b,1.70972,3.8e-18,True
61.0,-,2,47557.8094,47532.758134,b,1.70973,4.7e-18,True
61.0,+,3,48302.8294,48286.792359,b,1.72088,2.1e-17,True
61.0,-,3,48303.1494,48287.065823,b,1.72088,2.3e-17,True
61.0,+,4,49034.8494,49027.690539,b,1.73189,7.6e-17,True
61.0,-,4,49035.1894,49027.961071,b,1.7319,8e-17,True
61.0,+,5,49753.0794,49754.341616,b,1.74415,2.9e-16,True
61.0,-,5,49753.4494,49754.608403,b,1.74416,2.9e-16,True
61.0,+,6,50457.1794,50465.475336,b,1.75781,7.3e-16,True
61.0,-,6,50457.4994,50465.737389,b,1.75782,7.2e-16,True
62.0,-,0,46095.7094,46042.518032,b,1.68665,5.4e-20,True
62.0,+,0,46096.0694,46042.812173,b,1.68665,1.2e-19,True
62.0,-,1,46866.0794,46828.183757,b,1.69844,2.1e-19,True
62.0,+,1,46866.4694,46828.473348,b,1.69844,3.8e-19,True
62.0,-,2,47623.7194,47597.266545,b,1.71014,4e-18,True
62.0,+,2,47624.0694,47597.551978,b,1.71015,4.8e-18,True
62.0,-,3,48368.3794,48351.007471,b,1.72131,2.2e-17,True
62.0,+,3,48368.7394,48351.289511,b,1.72132,2.4e-17,True
62.0,-,4,49099.6894,49091.358981,b,1.73235,7.9e-17,True
62.0,+,4,49100.0494,49091.637985,b,1.73235,8.2e-17,True
62.0,-,5,49817.1994,49817.386425,b,1.74463,3e-16,True
62.0,+,5,49817.5694,49817.661557,b,1.74464,2.9e-16,True
63.0,+,0,46164.4194,46109.611536,b,1.68704,5.7e-20,True
63.0,-,0,46164.7794,46109.914777,b,1.68704,8.4e-20,True
63.0,+,1,46934.0894,46894.61787,b,1.69884,2.1e-19,True
63.0,-,1,46934.4594,46894.916407,b,1.69885,4.2e-19,True
63.0,+,2,47690.6394,47663.064325,b,1.71057,4.1e-18,True
63.0,-,2,47691.3994,47663.358562,b,1.71057,4.9e-18,True
63.0,+,3,48434.9694,48416.22542,b,1.72175,2.3e-17,True
63.0,-,3,48435.3394,48416.51615,b,1.72176,2.5e-17,True
63.0,+,4,49165.5094,49156.020402,b,1.73281,8.2e-17,True
63.0,-,4,49165.8994,49156.307988,b,1.73282,8.5e-17,True
63.0,+,5,49882.2894,49881.413263,b,1.74512,3.1e-16,True
63.0,-,5,49882.6494,49881.696846,b,1.74512,3.1e-16,True
64.0,-,0,46234.1494,46177.738579,b,1.68743,6e-20,True
64.0,+,0,46234.5694,46178.05104,b,1.68743,8.5e-20,True
64.0,-,1,47003.0994,46962.074083,b,1.69926,2.1e-19,True
64.0,+,1,47003.5094,46962.381683,b,1.69926,4.2e-19,True
64.0,-,2,47759.3394,47729.873189,b,1.711,4.2e-18,True
64.0,+,2,47759.7294,47730.176345,b,1.71101,5.1e-18,True
64.0,-,3,48502.5694,48482.444636,b,1.7222,2.4e-17,True
64.0,+,3,48502.9494,48482.744169,b,1.7222,2.6e-17,True
64.0,-,4,49232.3694,49221.673142,b,1.73328,8.5e-17,True
64.0,+,4,49232.7594,49221.96942,b,1.73329,8.1e-17,True
64.0,-,5,49948.4094,49946.420397,b,1.74561,3.3e-16,True
64.0,+,5,49948.7494,49946.712539,b,1.74562,3.2e-16,True
65.0,+,0,46304.9794,46246.897666,b,1.68783,6.2e-20,True
65.0,-,0,46305.3594,46247.219466,b,1.68783,8.6e-20,True
65.0,+,1,47073.2094,47030.55086,b,1.69968,2.1e-19,True
65.0,-,1,47073.6094,47030.867639,b,1.69968,4.3e-19,True
65.0,+,2,47828.7194,47797.691572,b,1.71144,4.3e-18,True
65.0,-,2,47829.0994,47798.003761,b,1.71145,5.2e-18,True
65.0,+,3,48571.1994,48549.663526,b,1.72265,2.4e-17,True
65.0,-,3,48571.5594,48549.971973,b,1.72266,2.6e-17,True
65.0,+,4,49300.2394,49288.315517,b,1.73376,8.7e-17,True
65.0,-,4,49300.6094,49288.620595,b,1.73377,9.2e-17,True
65.0,+,5,50015.4894,50012.406066,b,1.74611,3.4e-16,True
65.0,-,5,50015.8494,50012.706873,b,1.74612,3.4e-16,True
66.0,-,0,46376.8294,46317.08728,b,1.68823,6.4e-20,True
66.0,+,0,46377.2494,46317.418536,b,1.68824,8.8e-20,True
66.0,-,1,47144.3294,47100.046642,b,1.7001,2.1e-19,True
66.0,+,1,47144.7394,47100.372715,b,1.70011,4.3e-19,True
66.0,-,2,47899.0794,47866.517887,b,1.71189,4.4e-18,True
66.0,+,2,47899.5194,47866.839221,b,1.71189,5.3e-18,True
66.0,-,3,48640.8094,48617.880473,b,1.72311,2.5e-17,True
66.0,+,3,48641.2194,48618.197944,b,1.72312,7e-17,True
66.0,-,4,49369.0894,49355.945812,b,1.73425,8.9e-17,True
66.0,+,4,49369.5394,49356.259797,b,1.73425,9.3e-17,True
66.0,-,5,50083.5494,50079.368477,b,1.74663,3.5e-16,True
66.0,+,5,50083.9894,50079.678052,b,1.74663,3.5e-16,True
67.0,+,0,46449.7394,46388.305878,b,1.68865,6.7e-20,True
67.0,-,0,46450.1694,46388.646706,b,1.68865,8.9e-20,True
67.0,+,1,47216.5294,47170.559844,b,1.70054,2e-19,True
67.0,-,1,47216.9294,47170.895324,b,1.70054,4.3e-19,True
67.0,+,2,47970.5294,47936.350521,b,1.71234,4.4e-18,True
67.0,-,2,47970.9094,47936.68111,b,1.71235,5.4e-18,True
67.0,+,3,48711.4794,48687.093834,b,1.72358,2.6e-17,True
67.0,-,3,48711.8694,48687.420437,b,1.72359,2.7e-17,True
67.0,+,4,49438.9994,49424.562284,b,1.73474,9.1e-17,True
67.0,-,4,49439.3794,49424.885281,b,1.73475,9.5e-17,True
67.0,+,5,50152.6894,50147.305806,b,1.74715,3.6e-16,True
67.0,-,5,50153.0694,50147.624252,b,1.74716,3.5e-16,True
68.0,-,0,46523.6894,46460.551891,b,1.68907,7e-20,True
68.0,+,0,46524.1594,46460.902406,b,1.68907,8.7e-20,True
68.0,-,1,47289.7094,47242.088858,b,1.70098,2e-19,True
68.0,+,1,47290.1594,47242.433858,b,1.70098,4.4e-19,True
68.0,-,2,48042.9294,48007.187837,b,1.7128,4.5e-18,True
68.0,+,2,48043.4094,48007.527792,b,1.71281,5.4e-18,True
68.0,-,3,48783.1094,48757.301944,b,1.72406,2.7e-17,True
68.0,+,3,48783.5594,48757.637787,b,1.72407,2.8e-17,True
68.0,-,4,49509.8394,49494.16316,b,1.73525,9.4e-17,True
68.0,+,4,49510.2994,49494.495275,b,1.73525,9.7e-17,True
68.0,-,5,50222.6894,50216.216197,b,1.74768,3.7e-16,True
68.0,+,5,50223.1594,50216.543615,b,1.74769,3.7e-16,True
69.0,+,0,46598.7094,46533.823729,b,1.68949,7.3e-20,True
69.0,-,0,46599.1494,46534.184046,b,1.6895,1.1e-19,True
69.0,+,1,47363.9394,47314.632052,b,1.70142,2e-19,True
69.0,-,1,47364.3594,47314.986682,b,1.70143,4.3e-19,True
69.0,+,2,48116.4194,48079.028177,b,1.71327,4.6e-18,True
69.0,-,2,48116.8294,48079.377605,b,1.71327,5.6e-18,True
69.0,+,3,48855.7994,48828.503111,b,1.72454,2.7e-17,True
69.0,-,3,48856.2194,48828.848302,b,1.72455,2.9e-17,True
69.0,+,4,49581.7394,49564.746642,b,1.73576,9.6e-17,True
69.0,-,4,49582.1694,49565.087976,b,1.73577,9.4e-17,True
69.0,+,5,50293.7794,50286.097765,b,1.74822,3.8e-16,True
69.0,-,5,50294.1594,50286.434255,b,1.74823,3.8e-16,True
70.0,-,0,46674.7294,46608.119777,b,1.68992,7.6e-20,True
70.0,+,0,46675.2094,46608.490007,b,1.68993,1e-19,True
70.0,-,1,47439.2094,47388.187766,b,1.70188,1.9e-19,True
70.0,+,1,47439.6594,47388.552136,b,1.70189,4.3e-19,True
70.0,-,2,48190.9194,48151.869857,b,1.71374,4.7e-18,True
70.0,+,2,48191.3594,48152.228867,b,1.71375,5.7e-18,True
70.0,-,3,48929.4794,48900.695622,b,1.72504,2.8e-17,True
70.0,+,3,48929.8894,48901.050264,b,1.72504,3e-17,True
70.0,-,4,49654.5894,49636.310899,b,1.73628,9.8e-17,True
70.0,+,4,49655.0694,49636.661555,b,1.73629,1e-16,True
70.0,+,5,50366.2094,50357.294252,b,1.74878,3.9e-16,True
71.0,+,0,46751.8394,46683.438393,b,1.69036,7.8e-20,True
71.0,-,0,46752.3094,46683.818648,b,1.69037,1e-19,True
71.0,+,1,47515.5294,47462.754318,b,1.70234,1.9e-19,True
71.0,-,1,47515.9794,47463.128537,b,1.70235,4.2e-19,True
71.0,+,2,48266.4094,48225.711171,b,1.71422,4.7e-18,True
71.0,-,2,48266.8694,48226.079868,b,1.71423,5.7e-18,True
71.0,+,3,49004.1594,48973.877737,b,1.72553,2.8e-17,True
71.0,-,3,49004.6194,48974.241935,b,1.72554,3.1e-17,True
71.0,+,4,49728.4394,49708.854074,b,1.73681,9.9e-17,True
71.0,-,4,49728.9294,49709.214152,b,1.73681,1e-16,True
71.0,+,5,50438.7894,50428.766729,b,1.74933,4e-16,True
71.0,-,5,50439.2294,50429.121658,b,1.74934,2.1e-16,True
72.0,-,0,46829.9294,46759.777912,b,1.69081,8.1e-20,True
72.0,+,0,46830.4894,46760.168303,b,1.69082,1.1e-19,True
72.0,-,1,47593.0844,47538.330002,b,1.70281,1.8e-19,True
72.0,-,2,48342.9494,48300.550388,b,1.71471,4.7e-18,True
72.0,+,2,48343.4294,48300.928877,b,1.71472,5.9e-18,True
72.0,-,3,49079.8794,49048.047692,b,1.72604,2.9e-17,True
72.0,+,3,49080.3194,49048.421548,b,1.72605,3.1e-17,True
72.0,-,4,49803.3094,49782.374279,b,1.73734,1e-16,True
72.0,+,4,49803.7694,49782.743878,b,1.73735,1.1e-16,True
72.0,-,5,50512.7394,50501.550199,b,1.7499,4.1e-16,True
73.0,+,0,46909.1794,46837.136647,b,1.69126,8.4e-20,True
73.0,-,0,46909.6394,46837.537282,b,1.69127,1.1e-19,True
73.0,+,1,47671.2294,47614.913086,b,1.70328,1.8e-19,True
73.0,-,1,47671.6794,47615.307323,b,1.70329,4.1e-19,True
73.0,+,2,48420.4794,48376.385753,b,1.71521,4.8e-18,True
73.0,-,2,48420.9394,48376.774138,b,1.71522,5.6e-18,True
73.0,+,3,49156.5494,49123.2037,b,1.72655,3e-17,True
73.0,-,3,49157.0394,49123.587316,b,1.72656,3.2e-17,True
73.0,+,4,49879.1294,49856.869598,b,1.73789,1e-16,True
73.0,-,4,49879.6494,49857.248816,b,1.7379,1.1e-16,True
73.0,+,5,50587.7494,50575.296991,b,1.75047,4.2e-16,True
73.0,-,5,50588.2894,50575.670741,b,1.75048,4.2e-16,True
74.0,-,0,46989.2594,46915.512881,b,1.69172,8.8e-20,True
74.0,+,0,46989.2894,46915.923868,b,1.69173,1.1e-19,True
74.0,-,1,47750.6094,47692.501813,b,1.70377,1.7e-19,True
74.0,+,1,47751.0794,47692.906217,b,1.70377,4.4e-19,True
74.0,-,2,48498.9894,48453.215491,b,1.71571,4.8e-18,True
74.0,+,2,48499.5394,48453.613874,b,1.71572,5.8e-18,True
74.0,-,3,49234.2494,49199.343949,b,1.72707,3e-17,True
74.0,+,3,49234.7394,49199.737424,b,1.72708,3.2e-17,True
74.0,-,4,49955.9894,49932.338087,b,1.73844,1e-16,True
74.0,+,4,49956.4894,49932.72702,b,1.73845,1.1e-16,True
74.0,-,5,50663.9494,50650.005064,b,1.75106,4.3e-16,True
75.0,-,0,47071.1094,46995.326323,b,1.69219,1.2e-19,True
75.0,+,1,47830.9794,47771.094403,b,1.70426,1.6e-19,True
75.0,-,1,47831.4894,47771.509077,b,1.70426,4.1e-19,True
75.0,+,2,48578.5894,48531.037799,b,1.71622,4.8e-18,True
75.0,-,2,48499.5394,48531.44628,b,1.71623,5.9e-18,True
75.0,+,3,49312.9794,49276.4666,b,1.7276,3.1e-17,True
75.0,-,3,49313.4794,49276.870033,b,1.72761,3.3e-17,True
75.0,+,4,50033.7894,50008.777769,b,1.73901,1e-16,True
75.0,-,4,50034.3294,50009.176512,b,1.73901,1.1e-16,True
75.0,+,5,50740.6494,50725.672347,b,1.75165,4.3e-16,True
75.0,-,5,50741.1094,50726.065291,b,1.75166,5.4e-16,True
76.0,+,0,47153.3994,47075.742881,b,1.69267,1.2e-19,True
76.0,-,1,47912.4194,47850.689049,b,1.70475,1.6e-19,True
76.0,+,1,47912.9094,47851.114095,b,1.70476,4e-19,True
76.0,-,2,48659.1094,48609.850852,b,1.71674,4.8e-18,True
76.0,+,2,48659.6594,48610.269533,b,1.71675,5.9e-18,True
76.0,-,3,49392.6594,49354.569793,b,1.72814,3.1e-17,True
76.0,+,3,49393.1394,49354.983282,b,1.72814,3.3e-17,True
76.0,-,4,50112.6194,50086.186643,b,1.73958,1.1e-16,True
76.0,+,4,50113.1694,50086.595289,b,1.73959,1.1e-16,True
76.0,-,5,50818.5394,50802.296738,b,1.75226,4.4e-16,True
77.0,-,0,47236.7094,47157.171754,b,1.69315,1.2e-19,True
77.0,+,1,47994.8494,47931.283921,b,1.70526,1.5e-19,True
77.0,+,2,48740.6994,48689.652804,b,1.71726,4.8e-18,True
77.0,-,2,48741.2394,48690.081782,b,1.71727,6.1e-18,True
77.0,+,3,49473.3494,49433.651642,b,1.72868,3.1e-17,True
77.0,-,3,49473.8694,49434.075283,b,1.72869,3.4e-17,True
77.0,+,4,50192.4194,50164.562674,b,1.74016,1.1e-16,True
77.0,-,4,50192.9694,50164.981315,b,1.74017,1.1e-16,True
77.0,+,5,50897.4894,50879.876105,b,1.75287,4.4e-16,True
77.0,-,5,50891.9394,50880.2886,b,1.75288,4.5e-16,True
78.0,+,0,47321.0394,47239.611125,b,1.69363,1.3e-19,True
78.0,-,1,48078.3494,48012.877163,b,1.70577,1.4e-19,True
78.0,+,1,48070.8294,48013.323254,b,1.70577,3.7e-19,True
78.0,-,2,48823.3194,48770.441782,b,1.71779,4.8e-18,True
78.0,+,2,48823.8294,48770.881154,b,1.7178,5.6e-18,True
78.0,-,3,49555.0294,49513.710235,b,1.72923,3.2e-17,True
78.0,+,3,49555.5694,49514.144123,b,1.72924,3.4e-17,True
78.0,-,4,50273.1594,50243.9038,b,1.74075,1.1e-16,True
78.0,+,4,50273.7394,50244.332526,b,1.74075,1.1e-16,True
78.0,-,5,50977.2394,50958.408283,b,1.7535,4.5e-16,True
78.0,+,5,50977.7594,50958.830685,b,1.75351,4.5e-16,True
79.0,-,0,47406.3994,47323.059157,b,1.69413,1.3e-19,True
79.0,+,1,48162.7494,48095.466895,b,1.70628,1.3e-19,True
79.0,-,1,48163.3594,48095.923655,b,1.70629,4.4e-19,True
79.0,+,2,48906.8494,48852.215891,b,1.71833,4.8e-18,True
79.0,-,2,48907.4394,48852.665753,b,1.71834,5.8e-18,True
79.0,+,3,49637.7094,49594.743638,b,1.72979,3.2e-17,True
79.0,-,3,49638.2694,49595.187865,b,1.7298,3.5e-17,True
79.0,+,4,50354.9194,50324.207928,b,1.74134,1.1e-16,True
79.0,-,4,50355.5694,50324.646828,b,1.74135,1.1e-16,True
79.0,+,5,51058.0994,51037.89108,b,1.75413,4.6e-16,True
79.0,-,5,51058.6294,51038.323474,b,1.75414,4.7e-16,True
80.0,+,0,47492.7894,47407.513984,b,1.69463,1.3e-19,True
80.0,-,1,48248.3294,48179.05121,b,1.70681,1.2e-19,True
80.0,-,2,48991.4794,48934.973214,b,1.71888,4.7e-18,True
80.0,+,2,48991.9994,48935.43366,b,1.71889,5.8e-18,True
80.0,-,3,49721.3794,49676.749888,b,1.73035,3.3e-17,True
80.0,+,3,49721.8494,49677.204547,b,1.73036,3.3e-17,True
80.0,-,4,50437.6794,50405.472937,b,1.74195,1.1e-16,True
80.0,+,4,50438.2394,50405.922098,b,1.74196,1.1e-16,True
80.0,-,5,51139.8794,51118.322271,b,1.75477,4.6e-16,True
80.0,+,5,51140.3294,51118.764742,b,1.75478,4.7e-16,True
81.0,-,0,47580.2694,47492.973718,b,1.69514,1.4e-19,True
81.0,+,1,48334.7794,48263.628179,b,1.70734,1.1e-19,True
81.0,+,2,49076.9894,49018.711807,b,1.71943,4.7e-18,True
81.0,-,2,49017.6694,49019.18293,b,1.71944,5.9e-18,True
81.0,+,3,49806.0394,49759.727001,b,1.73093,3.3e-17,True
81.0,-,3,49806.5594,49760.192183,b,1.73094,3.5e-17,True
81.0,-,4,50521.9294,50488.156182,b,1.74257,1.1e-16,True
81.0,-,5,51222.9994,51200.152232,b,1.75544,4.6e-16,True
82.0,+,0,47660.6394,47579.436443,b,1.69565,1.4e-19,True
82.0,-,1,48422.3594,48349.195845,b,1.70788,1e-19,True
82.0,+,1,48422.8494,48349.685189,b,1.70789,3.6e-19,True
82.0,-,2,49163.6194,49103.429705,b,1.71999,4.6e-18,True
82.0,+,2,49164.1694,49103.911597,b,1.72,4.6e-18,True
82.0,-,3,49891.6394,49843.672966,b,1.73151,3.3e-17,True
82.0,+,3,49892.1694,49844.148759,b,1.73152,3.5e-17,True
82.0,+,4,50606.5494,50571.346899,b,1.7432,1.1e-16,True
83.0,-,0,47758.2094,47666.900218,b,1.69617,1.5e-19,True
83.0,+,1,48510.7994,48435.752229,b,1.70843,9.5e-20,True
83.0,-,1,48511.4794,48436.252621,b,1.70844,3.3e-19,True
83.0,+,2,49251.1594,49189.124921,b,1.72056,4.6e-18,True
83.0,-,2,49251.7894,49189.617671,b,1.72057,5.6e-18,True
83.0,+,3,49978.2194,49928.585746,b,1.7321,3.3e-17,True
83.0,-,3,49978.8694,49929.072238,b,1.7321,3.6e-17,True
83.0,-,4,50692.2594,50655.492034,b,1.74383,1.1e-16,True
83.0,-,5,51391.4294,51365.756709,b,1.75677,4.7e-16,True
84.0,-,1,48600.4094,48523.295325,b,1.70898,8.6e-20,True
84.0,+,1,48600.9294,48523.806855,b,1.70899,3.7e-19,True
84.0,-,2,49339.7994,49275.79544,b,1.72113,4.5e-18,True
84.0,+,2,49340.3294,49276.299139,b,1.72114,5.6e-18,True
84.0,-,3,50065.8794,50014.46328,b,1.73269,3.4e-17,True
84.0,+,3,50066.4394,50014.960558,b,1.7327,3.5e-17,True
85.0,+,1,48690.8194,48611.8231,b,1.70954,7.7e-20,True
85.0,-,1,48691.6194,48612.345858,b,1.70955,3.4e-19,True
85.0,+,2,49429.2994,49363.439229,b,1.72171,4.4e-18,True
85.0,-,2,49429.9194,49363.953962,b,1.72172,5.6e-18,True
85.0,+,3,50154.4194,50101.303481,b,1.7333,3.4e-17,True
85.0,-,3,50155.1094,50101.811628,b,1.7333,3.6e-17,True
86.0,-,1,48782.4794,48701.3335,b,1.71011,6.8e-20,True
86.0,+,1,48783.0394,48701.867574,b,1.71012,3.3e-19,True
86.0,+,2,49520.4794,49452.580081,b,1.72231,4.5e-18,True
86.0,-,3,50244.0494,50189.104234,b,1.73391,3.4e-17,True
86.0,+,3,50244.6094,50189.623335,b,1.73392,3.6e-17,True
87.0,+,2,49611.3694,49541.638352,b,1.7229,4.2e-18,True
87.0,+,3,50334.4794,50277.863402,b,1.73453,3.4e-17,True
88.0,-,1,48968.5094,48883.293822,b,1.71127,5.2e-20,True
88.0,+,2,49704.6194,49632.737846,b,1.72351,5.2e-18,True
88.0,+,3,50426.6494,50368.12007,b,1.73516,3.6e-17,True
89.0,-,1,49063.7494,48976.308036,b,1.71187,3.1e-19,True
89.0,+,2,49797.4294,49723.705534,b,1.72411,4e-18,True
89.0,+,3,50518.5294,50458.248292,b,1.73579,3.4e-17,True
90.0,-,1,49158.4994,49069.159332,b,1.71246,3.6e-20,True
90.0,+,2,49892.6594,49816.755477,b,1.72474,5.1e-18,True
90.0,+,3,50612.6294,50550.433321,b,1.73644,3.7e-17,True
91.0,+,2,49901.4094,49909.623646,b,1.72536,3.7e-18,True
92.0,-,1,49352.4294,49258.912668,b,1.71368,2.3e-20,True
92.0,+,2,50084.5594,50004.615645,b,1.726,4.7e-18,True
92.0,+,3,50802.3894,50736.545221,b,1.73775,3.6e-17,True
